frame_id,risk_level,action,confidence,human_present,human_distance,motion_level,motion_ratio,tags
013342,HIGH,SLOW_DOWN,HIGH,True,1.485,high,0.9375,"human_present,multimodal_confirmation,caution_zone,dynamic_environment,good_visibility,indoor_environment"
013352,CRITICAL,STOP,HIGH,True,0.675,high,0.8888888888888888,"human_present,multimodal_confirmation,critical_proximity,dynamic_environment,good_visibility,indoor_environment"
013362,LOW,CONTINUE,MEDIUM,False,,high,0.8461538461538461,"dynamic_environment,good_visibility,indoor_environment"
013372,LOW,CONTINUE,MEDIUM,False,,high,0.8888888888888888,"dynamic_environment,good_visibility,indoor_environment"
013382,CRITICAL,STOP,HIGH,True,0.305,moderate,0.23529411764705882,"human_present,multimodal_confirmation,critical_proximity,good_visibility,indoor_environment"
013392,CRITICAL,STOP,HIGH,True,0.39,moderate,0.2727272727272727,"human_present,multimodal_confirmation,critical_proximity,good_visibility,indoor_environment"
013402,HIGH,SLOW_DOWN,HIGH,True,1.69,high,0.8666666666666667,"human_present,multimodal_confirmation,caution_zone,dynamic_environment,good_visibility,indoor_environment"
013412,HIGH,SLOW_DOWN,HIGH,True,1.48,high,0.875,"human_present,multimodal_confirmation,caution_zone,dynamic_environment,good_visibility,indoor_environment"
013422,CRITICAL,STOP,HIGH,True,0.385,high,0.9333333333333333,"human_present,multimodal_confirmation,critical_proximity,dynamic_environment,good_visibility,indoor_environment"
013432,LOW,CONTINUE,MEDIUM,False,,high,0.88,"dynamic_environment,good_visibility,indoor_environment"
013442,HIGH,SLOW_DOWN,HIGH,True,1.895,high,0.9411764705882353,"human_present,multimodal_confirmation,caution_zone,dynamic_environment,good_visibility,indoor_environment"
013452,HIGH,SLOW_DOWN,HIGH,True,0.945,high,0.8947368421052632,"human_present,multimodal_confirmation,caution_zone,dynamic_environment,good_visibility,indoor_environment"
013462,CRITICAL,STOP,HIGH,True,0.325,high,0.9047619047619048,"human_present,multimodal_confirmation,critical_proximity,dynamic_environment,good_visibility,indoor_environment"
013472,CRITICAL,STOP,HIGH,True,0.435,moderate,0.2857142857142857,"human_present,multimodal_confirmation,critical_proximity,good_visibility,indoor_environment"
013482,MEDIUM,PROCEED_WITH_CAUTION,MEDIUM,True,1.595,low,0.08333333333333333,"human_present,multimodal_confirmation,caution_zone,static_environment,good_visibility,indoor_environment"
013492,MEDIUM,PROCEED_WITH_CAUTION,MEDIUM,True,2.67,high,0.95,"human_present,multimodal_confirmation,monitor_distance,dynamic_environment,good_visibility,indoor_environment"
013502,MEDIUM,PROCEED_WITH_CAUTION,MEDIUM,True,2.31,high,0.8461538461538461,"human_present,multimodal_confirmation,monitor_distance,dynamic_environment,good_visibility,indoor_environment"
013512,HIGH,SLOW_DOWN,HIGH,True,1.06,high,0.8571428571428571,"human_present,multimodal_confirmation,caution_zone,dynamic_environment,good_visibility,indoor_environment"
013522,CRITICAL,STOP,HIGH,True,0.23,high,0.9047619047619048,"human_present,multimodal_confirmation,critical_proximity,dynamic_environment,good_visibility,indoor_environment"
013532,HIGH,SLOW_DOWN,HIGH,True,1.38,high,0.9444444444444444,"human_present,multimodal_confirmation,caution_zone,dynamic_environment,good_visibility,indoor_environment"
013542,HIGH,SLOW_DOWN,HIGH,True,1.51,high,0.9230769230769231,"human_present,multimodal_confirmation,caution_zone,dynamic_environment,good_visibility,indoor_environment"
013552,HIGH,SLOW_DOWN,HIGH,True,0.79,high,0.9090909090909091,"human_present,multimodal_confirmation,caution_zone,dynamic_environment,good_visibility,indoor_environment"
013562,HIGH,SLOW_DOWN,HIGH,True,1.2,high,0.9166666666666666,"human_present,multimodal_confirmation,caution_zone,dynamic_environment,good_visibility,indoor_environment"
013572,MEDIUM,PROCEED_WITH_CAUTION,MEDIUM,True,2.75,high,0.875,"human_present,multimodal_confirmation,monitor_distance,dynamic_environment,good_visibility,indoor_environment"
013582,MEDIUM,PROCEED_WITH_CAUTION,MEDIUM,True,3.56,high,0.9,"human_present,multimodal_confirmation,safe_separation,dynamic_environment,good_visibility,indoor_environment"
013592,MEDIUM,PROCEED_WITH_CAUTION,MEDIUM,True,4.71,high,0.8333333333333334,"human_present,multimodal_confirmation,safe_separation,dynamic_environment,good_visibility,indoor_environment"
013602,MEDIUM,PROCEED_WITH_CAUTION,MEDIUM,True,5.83,high,0.8947368421052632,"human_present,multimodal_confirmation,safe_separation,dynamic_environment,good_visibility,indoor_environment"
013722,HIGH,SLOW_DOWN,HIGH,True,1.175,high,0.8571428571428571,"human_present,multimodal_confirmation,caution_zone,dynamic_environment,good_visibility,indoor_environment"
013732,MEDIUM,PROCEED_WITH_CAUTION,MEDIUM,True,1.175,low,0.0,"human_present,multimodal_confirmation,caution_zone,static_environment,good_visibility,indoor_environment"
013742,MEDIUM,PROCEED_WITH_CAUTION,MEDIUM,True,1.335,low,0.0,"human_present,multimodal_confirmation,caution_zone,static_environment,good_visibility,indoor_environment"
013752,MEDIUM,PROCEED_WITH_CAUTION,MEDIUM,True,1.495,low,0.09090909090909091,"human_present,multimodal_confirmation,caution_zone,static_environment,good_visibility,indoor_environment"
013762,MEDIUM,PROCEED_WITH_CAUTION,MEDIUM,True,1.645,moderate,0.45,"human_present,multimodal_confirmation,caution_zone,good_visibility,indoor_environment"
013772,MEDIUM,PROCEED_WITH_CAUTION,MEDIUM,True,2.835,high,0.8235294117647058,"human_present,multimodal_confirmation,monitor_distance,dynamic_environment,good_visibility,indoor_environment"
013782,MEDIUM,PROCEED_WITH_CAUTION,MEDIUM,True,3.745,high,0.8823529411764706,"human_present,multimodal_confirmation,safe_separation,dynamic_environment,good_visibility,indoor_environment"
013792,LOW,CONTINUE,MEDIUM,False,,high,0.9375,"dynamic_environment,good_visibility,indoor_environment"
013802,LOW,CONTINUE,MEDIUM,False,,high,0.9166666666666666,"dynamic_environment,good_visibility,indoor_environment"
013812,MEDIUM,PROCEED_WITH_CAUTION,MEDIUM,True,3.745,high,0.8636363636363636,"human_present,multimodal_confirmation,safe_separation,dynamic_environment,good_visibility,indoor_environment"
013822,HIGH,SLOW_DOWN,HIGH,True,1.235,high,0.9333333333333333,"human_present,multimodal_confirmation,caution_zone,dynamic_environment,good_visibility,indoor_environment"
013832,CRITICAL,STOP,HIGH,True,0.075,high,0.8421052631578947,"human_present,multimodal_confirmation,critical_proximity,dynamic_environment,good_visibility,indoor_environment"
013842,CRITICAL,STOP,HIGH,True,0.425,low,0.0,"human_present,multimodal_confirmation,critical_proximity,static_environment,good_visibility,indoor_environment"
013852,MEDIUM,PROCEED_WITH_CAUTION,MEDIUM,True,0.775,moderate,0.4375,"human_present,multimodal_confirmation,caution_zone,good_visibility,indoor_environment"
013862,MEDIUM,PROCEED_WITH_CAUTION,MEDIUM,True,1.855,moderate,0.2857142857142857,"human_present,multimodal_confirmation,caution_zone,good_visibility,indoor_environment"
013872,MEDIUM,PROCEED_WITH_CAUTION,MEDIUM,True,1.785,moderate,0.45,"human_present,multimodal_confirmation,caution_zone,good_visibility,indoor_environment"
013882,CRITICAL,STOP,HIGH,True,0.355,high,0.7777777777777778,"human_present,multimodal_confirmation,critical_proximity,dynamic_environment,good_visibility,indoor_environment"
013892,MEDIUM,PROCEED_WITH_CAUTION,MEDIUM,True,1.865,low,0.0,"human_present,multimodal_confirmation,caution_zone,static_environment,good_visibility,indoor_environment"
013902,MEDIUM,PROCEED_WITH_CAUTION,MEDIUM,True,3.425,moderate,0.21428571428571427,"human_present,multimodal_confirmation,safe_separation,good_visibility,indoor_environment"
013912,HIGH,SLOW_DOWN,HIGH,True,1.585,high,0.92,"human_present,multimodal_confirmation,caution_zone,dynamic_environment,good_visibility,indoor_environment"
013922,HIGH,SLOW_DOWN,HIGH,True,1.125,high,0.8333333333333334,"human_present,multimodal_confirmation,caution_zone,dynamic_environment,good_visibility,indoor_environment"
013932,CRITICAL,STOP,HIGH,True,0.145,high,0.88,"human_present,multimodal_confirmation,critical_proximity,dynamic_environment,good_visibility,indoor_environment"
013942,MEDIUM,PROCEED_WITH_CAUTION,MEDIUM,True,1.375,moderate,0.23076923076923078,"human_present,multimodal_confirmation,caution_zone,good_visibility,indoor_environment"
013952,MEDIUM,PROCEED_WITH_CAUTION,MEDIUM,True,1.515,low,0.0,"human_present,multimodal_confirmation,caution_zone,static_environment,good_visibility,indoor_environment"
013962,MEDIUM,PROCEED_WITH_CAUTION,MEDIUM,True,1.59,moderate,0.5217391304347826,"human_present,multimodal_confirmation,caution_zone,good_visibility,indoor_environment"
013972,MEDIUM,PROCEED_WITH_CAUTION,MEDIUM,True,2.275,high,0.7142857142857143,"human_present,multimodal_confirmation,monitor_distance,dynamic_environment,good_visibility,indoor_environment"
013982,MEDIUM,PROCEED_WITH_CAUTION,MEDIUM,True,1.715,low,0.08333333333333333,"human_present,multimodal_confirmation,caution_zone,static_environment,good_visibility,indoor_environment"
013992,HIGH,SLOW_DOWN,HIGH,True,1.27,high,0.7857142857142857,"human_present,multimodal_confirmation,caution_zone,dynamic_environment,good_visibility,indoor_environment"
014002,MEDIUM,PROCEED_WITH_CAUTION,MEDIUM,True,2.225,high,0.85,"human_present,multimodal_confirmation,monitor_distance,dynamic_environment,good_visibility,indoor_environment"
014012,MEDIUM,PROCEED_WITH_CAUTION,MEDIUM,True,3.715,high,0.8947368421052632,"human_present,multimodal_confirmation,safe_separation,dynamic_environment,good_visibility,indoor_environment"
014022,MEDIUM,PROCEED_WITH_CAUTION,MEDIUM,True,2.115,high,0.8,"human_present,multimodal_confirmation,monitor_distance,dynamic_environment,good_visibility,indoor_environment"
014032,LOW,CONTINUE,MEDIUM,False,,high,0.8571428571428571,"dynamic_environment,good_visibility,indoor_environment"
014042,CRITICAL,STOP,HIGH,True,0.43,moderate,0.23076923076923078,"human_present,multimodal_confirmation,critical_proximity,good_visibility,indoor_environment"
014052,CRITICAL,STOP,HIGH,True,0.6,moderate,0.29411764705882354,"human_present,multimodal_confirmation,critical_proximity,good_visibility,indoor_environment"
014062,CRITICAL,STOP,HIGH,True,0.1,moderate,0.6428571428571429,"human_present,multimodal_confirmation,critical_proximity,good_visibility,indoor_environment"
014072,CRITICAL,STOP,HIGH,True,0.445,high,0.9473684210526315,"human_present,multimodal_confirmation,critical_proximity,dynamic_environment,good_visibility,indoor_environment"
014082,LOW,CONTINUE,MEDIUM,False,,high,0.9285714285714286,"dynamic_environment,good_visibility,indoor_environment"
014092,LOW,CONTINUE,MEDIUM,False,,high,0.8,"dynamic_environment,good_visibility,indoor_environment"
014102,LOW,CONTINUE,MEDIUM,False,,high,0.9473684210526315,"dynamic_environment,good_visibility,indoor_environment"
014112,LOW,CONTINUE,MEDIUM,False,,low,0.0,"static_environment,good_visibility,indoor_environment"
014122,MEDIUM,PROCEED_WITH_CAUTION,MEDIUM,True,1.4,moderate,0.25,"human_present,multimodal_confirmation,caution_zone,good_visibility,indoor_environment"
014132,HIGH,SLOW_DOWN,HIGH,True,1.19,high,0.9230769230769231,"human_present,multimodal_confirmation,caution_zone,dynamic_environment,good_visibility,indoor_environment"
014142,MEDIUM,PROCEED_WITH_CAUTION,MEDIUM,True,2.86,high,0.8461538461538461,"human_present,multimodal_confirmation,monitor_distance,dynamic_environment,good_visibility,indoor_environment"
014152,MEDIUM,PROCEED_WITH_CAUTION,MEDIUM,True,2.57,high,0.875,"human_present,multimodal_confirmation,monitor_distance,dynamic_environment,good_visibility,indoor_environment"
014162,HIGH,SLOW_DOWN,HIGH,True,1.93,high,0.7692307692307693,"human_present,multimodal_confirmation,caution_zone,dynamic_environment,good_visibility,indoor_environment"
014172,MEDIUM,PROCEED_WITH_CAUTION,MEDIUM,True,2.4,high,0.8888888888888888,"human_present,multimodal_confirmation,monitor_distance,dynamic_environment,good_visibility,indoor_environment"
014182,MEDIUM,PROCEED_WITH_CAUTION,MEDIUM,True,1.365,low,0.0,"human_present,multimodal_confirmation,caution_zone,static_environment,good_visibility,indoor_environment"
014192,MEDIUM,PROCEED_WITH_CAUTION,MEDIUM,True,1.335,low,0.0,"human_present,multimodal_confirmation,caution_zone,static_environment,good_visibility,indoor_environment"
014202,MEDIUM,PROCEED_WITH_CAUTION,MEDIUM,True,1.315,low,0.0,"human_present,multimodal_confirmation,caution_zone,static_environment,good_visibility,indoor_environment"
014212,MEDIUM,PROCEED_WITH_CAUTION,MEDIUM,True,1.285,low,0.0,"human_present,multimodal_confirmation,caution_zone,static_environment,good_visibility,indoor_environment"
014222,MEDIUM,PROCEED_WITH_CAUTION,MEDIUM,True,1.265,low,0.0,"human_present,multimodal_confirmation,caution_zone,static_environment,good_visibility,indoor_environment"
014232,MEDIUM,PROCEED_WITH_CAUTION,MEDIUM,True,1.235,low,0.1,"human_present,multimodal_confirmation,caution_zone,static_environment,good_visibility,indoor_environment"
014242,HIGH,SLOW_DOWN,HIGH,True,0.715,high,0.8333333333333334,"human_present,multimodal_confirmation,caution_zone,dynamic_environment,good_visibility,indoor_environment"
014252,CRITICAL,STOP,HIGH,True,0.635,moderate,0.5,"human_present,multimodal_confirmation,critical_proximity,good_visibility,indoor_environment"
014262,CRITICAL,STOP,HIGH,True,0.565,low,0.0,"human_present,multimodal_confirmation,critical_proximity,static_environment,good_visibility,indoor_environment"
014272,CRITICAL,STOP,HIGH,True,0.485,moderate,0.4,"human_present,multimodal_confirmation,critical_proximity,good_visibility,indoor_environment"
014282,CRITICAL,STOP,HIGH,True,0.415,low,0.1,"human_present,multimodal_confirmation,critical_proximity,static_environment,good_visibility,indoor_environment"
014292,CRITICAL,STOP,HIGH,True,0.335,high,0.8333333333333334,"human_present,multimodal_confirmation,critical_proximity,dynamic_environment,good_visibility,indoor_environment"
014302,CRITICAL,STOP,HIGH,True,0.255,high,0.8,"human_present,multimodal_confirmation,critical_proximity,dynamic_environment,good_visibility,indoor_environment"
014312,CRITICAL,STOP,HIGH,True,0.53,high,0.9090909090909091,"human_present,multimodal_confirmation,critical_proximity,dynamic_environment,good_visibility,indoor_environment"
014322,CRITICAL,STOP,HIGH,True,0.21,low,0.0,"human_present,multimodal_confirmation,critical_proximity,static_environment,good_visibility,indoor_environment"
014332,CRITICAL,STOP,HIGH,True,0.21,low,0.0,"human_present,multimodal_confirmation,critical_proximity,static_environment,good_visibility,indoor_environment"
014562,MEDIUM,PROCEED_WITH_CAUTION,MEDIUM,True,1.125,low,0.14285714285714285,"human_present,multimodal_confirmation,caution_zone,static_environment,good_visibility,indoor_environment"
014572,MEDIUM,PROCEED_WITH_CAUTION,MEDIUM,True,1.365,low,0.0,"human_present,multimodal_confirmation,caution_zone,static_environment,good_visibility,indoor_environment"
014582,MEDIUM,PROCEED_WITH_CAUTION,MEDIUM,True,1.045,moderate,0.6666666666666666,"human_present,multimodal_confirmation,caution_zone,good_visibility,indoor_environment"
014592,HIGH,SLOW_DOWN,HIGH,True,0.835,high,0.9411764705882353,"human_present,multimodal_confirmation,caution_zone,dynamic_environment,good_visibility,indoor_environment"
014602,CRITICAL,STOP,HIGH,True,0.515,high,0.8421052631578947,"human_present,multimodal_confirmation,critical_proximity,dynamic_environment,good_visibility,indoor_environment"
014612,CRITICAL,STOP,HIGH,True,0.315,high,0.8421052631578947,"human_present,multimodal_confirmation,critical_proximity,dynamic_environment,good_visibility,indoor_environment"
014692,HIGH,SLOW_DOWN,HIGH,True,1.565,high,0.875,"human_present,multimodal_confirmation,caution_zone,dynamic_environment,good_visibility,indoor_environment"
014702,HIGH,SLOW_DOWN,HIGH,True,1.655,high,0.9375,"human_present,multimodal_confirmation,caution_zone,dynamic_environment,good_visibility,indoor_environment"
014712,HIGH,SLOW_DOWN,HIGH,True,0.985,high,0.9230769230769231,"human_present,multimodal_confirmation,caution_zone,dynamic_environment,good_visibility,indoor_environment"
014722,CRITICAL,STOP,HIGH,True,0.375,high,0.9230769230769231,"human_present,multimodal_confirmation,critical_proximity,dynamic_environment,good_visibility,indoor_environment"
014732,CRITICAL,STOP,HIGH,True,0.155,high,0.8571428571428571,"human_present,multimodal_confirmation,critical_proximity,dynamic_environment,good_visibility,indoor_environment"
014742,CRITICAL,STOP,HIGH,True,0.415,high,0.9411764705882353,"human_present,multimodal_confirmation,critical_proximity,dynamic_environment,good_visibility,indoor_environment"
014752,HIGH,SLOW_DOWN,HIGH,True,0.935,high,0.95,"human_present,multimodal_confirmation,caution_zone,dynamic_environment,good_visibility,indoor_environment"
014762,HIGH,SLOW_DOWN,HIGH,True,1.05,high,0.9411764705882353,"human_present,multimodal_confirmation,caution_zone,dynamic_environment,good_visibility,indoor_environment"
014772,CRITICAL,STOP,HIGH,True,0.43,high,0.9090909090909091,"human_present,multimodal_confirmation,critical_proximity,dynamic_environment,good_visibility,indoor_environment"
014782,CRITICAL,STOP,HIGH,True,0.22,high,0.8461538461538461,"human_present,multimodal_confirmation,critical_proximity,dynamic_environment,good_visibility,indoor_environment"
014792,CRITICAL,STOP,HIGH,True,0.58,low,0.1111111111111111,"human_present,multimodal_confirmation,critical_proximity,static_environment,good_visibility,indoor_environment"
014802,CRITICAL,STOP,HIGH,True,0.15,high,0.9230769230769231,"human_present,multimodal_confirmation,critical_proximity,dynamic_environment,good_visibility,indoor_environment"
014812,CRITICAL,STOP,HIGH,True,0.15,high,0.9285714285714286,"human_present,multimodal_confirmation,critical_proximity,dynamic_environment,good_visibility,indoor_environment"
014822,CRITICAL,STOP,HIGH,True,0.15,high,0.8823529411764706,"human_present,multimodal_confirmation,critical_proximity,dynamic_environment,good_visibility,indoor_environment"
014832,CRITICAL,STOP,HIGH,True,0.15,high,0.8888888888888888,"human_present,multimodal_confirmation,critical_proximity,dynamic_environment,good_visibility,indoor_environment"
014842,MEDIUM,PROCEED_WITH_CAUTION,MEDIUM,True,2.165,high,0.7777777777777778,"human_present,multimodal_confirmation,monitor_distance,dynamic_environment,good_visibility,indoor_environment"
014852,MEDIUM,PROCEED_WITH_CAUTION,MEDIUM,True,2.195,high,0.9,"human_present,multimodal_confirmation,monitor_distance,dynamic_environment,good_visibility,indoor_environment"
014862,HIGH,SLOW_DOWN,HIGH,True,1.945,high,0.8181818181818182,"human_present,multimodal_confirmation,caution_zone,dynamic_environment,good_visibility,indoor_environment"
014872,HIGH,SLOW_DOWN,HIGH,True,1.225,high,0.8461538461538461,"human_present,multimodal_confirmation,caution_zone,dynamic_environment,good_visibility,indoor_environment"
014882,HIGH,SLOW_DOWN,HIGH,True,0.905,high,0.8333333333333334,"human_present,multimodal_confirmation,caution_zone,dynamic_environment,good_visibility,indoor_environment"
014892,CRITICAL,STOP,HIGH,True,0.555,high,0.9444444444444444,"human_present,multimodal_confirmation,critical_proximity,dynamic_environment,good_visibility,indoor_environment"
014902,CRITICAL,STOP,HIGH,True,0.275,high,0.9411764705882353,"human_present,multimodal_confirmation,critical_proximity,dynamic_environment,good_visibility,indoor_environment"
014912,CRITICAL,STOP,HIGH,True,0.125,high,0.8,"human_present,multimodal_confirmation,critical_proximity,dynamic_environment,good_visibility,indoor_environment"
014922,CRITICAL,STOP,HIGH,True,0.455,high,0.7,"human_present,multimodal_confirmation,critical_proximity,dynamic_environment,good_visibility,indoor_environment"
014932,MEDIUM,PROCEED_WITH_CAUTION,MEDIUM,True,1.015,moderate,0.6470588235294118,"human_present,multimodal_confirmation,caution_zone,good_visibility,indoor_environment"
014942,HIGH,SLOW_DOWN,HIGH,True,1.365,high,0.8,"human_present,multimodal_confirmation,caution_zone,dynamic_environment,good_visibility,indoor_environment"
014952,HIGH,SLOW_DOWN,HIGH,True,0.775,high,0.8333333333333334,"human_present,multimodal_confirmation,caution_zone,dynamic_environment,good_visibility,indoor_environment"
014962,LOW,CONTINUE,MEDIUM,False,,high,0.8695652173913043,"dynamic_environment,good_visibility,indoor_environment"
014972,LOW,CONTINUE,MEDIUM,False,,high,0.88,"dynamic_environment,good_visibility,indoor_environment"
014982,LOW,CONTINUE,MEDIUM,False,,high,0.7777777777777778,"dynamic_environment,good_visibility,indoor_environment"
014992,LOW,CONTINUE,MEDIUM,False,,high,0.8461538461538461,"dynamic_environment,good_visibility,indoor_environment"
015002,CRITICAL,STOP,HIGH,True,0.685,moderate,0.5294117647058824,"human_present,multimodal_confirmation,critical_proximity,good_visibility,indoor_environment"
015012,LOW,CONTINUE,MEDIUM,False,,low,0.0,"static_environment,good_visibility,indoor_environment"
015022,MEDIUM,PROCEED_WITH_CAUTION,MEDIUM,True,1.465,moderate,0.35,"human_present,multimodal_confirmation,caution_zone,good_visibility,indoor_environment"
015032,MEDIUM,PROCEED_WITH_CAUTION,MEDIUM,True,1.33,moderate,0.5,"human_present,multimodal_confirmation,caution_zone,good_visibility,indoor_environment"
015042,HIGH,SLOW_DOWN,HIGH,True,1.91,high,0.7777777777777778,"human_present,multimodal_confirmation,caution_zone,dynamic_environment,good_visibility,indoor_environment"
015052,MEDIUM,PROCEED_WITH_CAUTION,MEDIUM,True,2.56,high,0.9285714285714286,"human_present,multimodal_confirmation,monitor_distance,dynamic_environment,good_visibility,indoor_environment"
015062,MEDIUM,PROCEED_WITH_CAUTION,MEDIUM,True,2.775,high,0.875,"human_present,multimodal_confirmation,monitor_distance,dynamic_environment,good_visibility,indoor_environment"
015072,HIGH,SLOW_DOWN,HIGH,True,1.635,high,0.88,"human_present,multimodal_confirmation,caution_zone,dynamic_environment,good_visibility,indoor_environment"
015222,HIGH,SLOW_DOWN,HIGH,True,1.365,high,0.8636363636363636,"human_present,multimodal_confirmation,caution_zone,dynamic_environment,good_visibility,indoor_environment"
015232,HIGH,SLOW_DOWN,HIGH,True,1.725,high,0.92,"human_present,multimodal_confirmation,caution_zone,dynamic_environment,good_visibility,indoor_environment"
015242,HIGH,SLOW_DOWN,HIGH,True,1.865,high,0.9411764705882353,"human_present,multimodal_confirmation,caution_zone,dynamic_environment,good_visibility,indoor_environment"
015252,MEDIUM,PROCEED_WITH_CAUTION,MEDIUM,True,2.385,high,0.8666666666666667,"human_present,multimodal_confirmation,monitor_distance,dynamic_environment,good_visibility,indoor_environment"
015262,MEDIUM,PROCEED_WITH_CAUTION,MEDIUM,True,2.485,high,0.9230769230769231,"human_present,multimodal_confirmation,monitor_distance,dynamic_environment,good_visibility,indoor_environment"
015272,HIGH,SLOW_DOWN,HIGH,True,1.925,high,0.8666666666666667,"human_present,multimodal_confirmation,caution_zone,dynamic_environment,good_visibility,indoor_environment"
015282,HIGH,SLOW_DOWN,HIGH,True,1.045,high,0.9375,"human_present,multimodal_confirmation,caution_zone,dynamic_environment,good_visibility,indoor_environment"
015292,MEDIUM,PROCEED_WITH_CAUTION,MEDIUM,True,4.655,high,0.7777777777777778,"human_present,multimodal_confirmation,safe_separation,dynamic_environment,good_visibility,indoor_environment"
015302,MEDIUM,PROCEED_WITH_CAUTION,MEDIUM,True,4.555,high,0.8571428571428571,"human_present,multimodal_confirmation,safe_separation,dynamic_environment,good_visibility,indoor_environment"
015312,CRITICAL,STOP,HIGH,True,0.28,high,0.92,"human_present,multimodal_confirmation,critical_proximity,dynamic_environment,good_visibility,indoor_environment"
015322,HIGH,SLOW_DOWN,HIGH,True,1.29,high,0.9090909090909091,"human_present,multimodal_confirmation,caution_zone,dynamic_environment,good_visibility,indoor_environment"
015332,HIGH,SLOW_DOWN,HIGH,True,1.56,high,0.7692307692307693,"human_present,multimodal_confirmation,caution_zone,dynamic_environment,good_visibility,indoor_environment"
015342,HIGH,SLOW_DOWN,HIGH,True,1.82,high,0.85,"human_present,multimodal_confirmation,caution_zone,dynamic_environment,good_visibility,indoor_environment"
015352,HIGH,SLOW_DOWN,HIGH,True,1.65,high,0.8,"human_present,multimodal_confirmation,caution_zone,dynamic_environment,good_visibility,indoor_environment"
015362,HIGH,SLOW_DOWN,HIGH,True,1.35,high,0.8,"human_present,multimodal_confirmation,caution_zone,dynamic_environment,good_visibility,indoor_environment"
015372,HIGH,SLOW_DOWN,HIGH,True,0.97,high,0.7,"human_present,multimodal_confirmation,caution_zone,dynamic_environment,good_visibility,indoor_environment"
015382,MEDIUM,PROCEED_WITH_CAUTION,MEDIUM,True,0.93,moderate,0.6923076923076923,"human_present,multimodal_confirmation,caution_zone,good_visibility,indoor_environment"
015392,HIGH,SLOW_DOWN,HIGH,True,0.76,high,0.8333333333333334,"human_present,multimodal_confirmation,caution_zone,dynamic_environment,good_visibility,indoor_environment"
015602,MEDIUM,PROCEED_WITH_CAUTION,MEDIUM,True,4.35,high,0.9230769230769231,"human_present,multimodal_confirmation,safe_separation,dynamic_environment,good_visibility,indoor_environment"
015612,MEDIUM,PROCEED_WITH_CAUTION,MEDIUM,True,3.74,high,0.8666666666666667,"human_present,multimodal_confirmation,safe_separation,dynamic_environment,good_visibility,indoor_environment"
015622,MEDIUM,PROCEED_WITH_CAUTION,MEDIUM,True,3.02,high,0.9285714285714286,"human_present,multimodal_confirmation,monitor_distance,dynamic_environment,good_visibility,indoor_environment"
015632,MEDIUM,PROCEED_WITH_CAUTION,MEDIUM,True,2.37,high,0.8333333333333334,"human_present,multimodal_confirmation,monitor_distance,dynamic_environment,good_visibility,indoor_environment"
015642,HIGH,SLOW_DOWN,HIGH,True,1.76,high,0.8823529411764706,"human_present,multimodal_confirmation,caution_zone,dynamic_environment,good_visibility,indoor_environment"
015652,HIGH,SLOW_DOWN,HIGH,True,0.98,high,0.8571428571428571,"human_present,multimodal_confirmation,caution_zone,dynamic_environment,good_visibility,indoor_environment"
015752,HIGH,SLOW_DOWN,HIGH,True,1.245,high,0.875,"human_present,multimodal_confirmation,caution_zone,dynamic_environment,good_visibility,indoor_environment"
015762,HIGH,SLOW_DOWN,HIGH,True,1.415,high,0.9230769230769231,"human_present,multimodal_confirmation,caution_zone,dynamic_environment,good_visibility,indoor_environment"
015772,HIGH,SLOW_DOWN,HIGH,True,1.415,high,0.8571428571428571,"human_present,multimodal_confirmation,caution_zone,dynamic_environment,good_visibility,indoor_environment"
015782,HIGH,SLOW_DOWN,HIGH,True,1.665,high,0.92,"human_present,multimodal_confirmation,caution_zone,dynamic_environment,good_visibility,indoor_environment"
015792,HIGH,SLOW_DOWN,HIGH,True,1.665,high,0.782608695652174,"human_present,multimodal_confirmation,caution_zone,dynamic_environment,good_visibility,indoor_environment"
015802,HIGH,SLOW_DOWN,HIGH,True,1.49,high,0.9230769230769231,"human_present,multimodal_confirmation,caution_zone,dynamic_environment,good_visibility,indoor_environment"
015812,MEDIUM,PROCEED_WITH_CAUTION,MEDIUM,True,1.81,moderate,0.3,"human_present,multimodal_confirmation,caution_zone,good_visibility,indoor_environment"
015822,CRITICAL,STOP,HIGH,True,0.48,moderate,0.4090909090909091,"human_present,multimodal_confirmation,critical_proximity,good_visibility,indoor_environment"
015832,LOW,CONTINUE,MEDIUM,False,,moderate,0.29411764705882354,"good_visibility,indoor_environment"
015842,MEDIUM,PROCEED_WITH_CAUTION,MEDIUM,True,0.77,moderate,0.2857142857142857,"human_present,multimodal_confirmation,caution_zone,good_visibility,indoor_environment"
015852,HIGH,SLOW_DOWN,HIGH,True,1.22,high,0.9130434782608695,"human_present,multimodal_confirmation,caution_zone,dynamic_environment,good_visibility,indoor_environment"
015892,MEDIUM,PROCEED_WITH_CAUTION,MEDIUM,True,2.06,high,0.875,"human_present,multimodal_confirmation,monitor_distance,dynamic_environment,good_visibility,indoor_environment"
015902,LOW,CONTINUE,MEDIUM,False,,high,0.8888888888888888,"dynamic_environment,good_visibility,indoor_environment"
015912,LOW,CONTINUE,MEDIUM,False,,high,0.8125,"dynamic_environment,good_visibility,indoor_environment"
015922,CRITICAL,STOP,HIGH,True,0.41,high,0.9565217391304348,"human_present,multimodal_confirmation,critical_proximity,dynamic_environment,good_visibility,indoor_environment"
015932,LOW,CONTINUE,MEDIUM,False,,high,0.8461538461538461,"dynamic_environment,good_visibility,indoor_environment"
015942,LOW,CONTINUE,MEDIUM,False,,moderate,0.4166666666666667,"good_visibility,indoor_environment"
015952,HIGH,SLOW_DOWN,HIGH,True,1.33,high,0.7,"human_present,multimodal_confirmation,caution_zone,dynamic_environment,good_visibility,indoor_environment"
015962,MEDIUM,PROCEED_WITH_CAUTION,MEDIUM,True,1.55,moderate,0.5,"human_present,multimodal_confirmation,caution_zone,good_visibility,indoor_environment"
015972,MEDIUM,PROCEED_WITH_CAUTION,MEDIUM,True,2.04,moderate,0.3333333333333333,"human_present,multimodal_confirmation,monitor_distance,good_visibility,indoor_environment"
015982,MEDIUM,PROCEED_WITH_CAUTION,MEDIUM,True,2.49,moderate,0.2,"human_present,multimodal_confirmation,monitor_distance,good_visibility,indoor_environment"
015992,MEDIUM,PROCEED_WITH_CAUTION,MEDIUM,True,0.85,moderate,0.3333333333333333,"human_present,multimodal_confirmation,caution_zone,good_visibility,indoor_environment"
016002,MEDIUM,PROCEED_WITH_CAUTION,MEDIUM,True,2.06,low,0.0,"human_present,multimodal_confirmation,monitor_distance,static_environment,good_visibility,indoor_environment"
016012,MEDIUM,PROCEED_WITH_CAUTION,MEDIUM,True,1.03,low,0.0,"human_present,multimodal_confirmation,caution_zone,static_environment,good_visibility,indoor_environment"
016022,MEDIUM,PROCEED_WITH_CAUTION,MEDIUM,True,1.03,low,0.0,"human_present,multimodal_confirmation,caution_zone,static_environment,good_visibility,indoor_environment"
016032,MEDIUM,PROCEED_WITH_CAUTION,MEDIUM,True,0.83,low,0.0,"human_present,multimodal_confirmation,caution_zone,static_environment,good_visibility,indoor_environment"
016042,MEDIUM,PROCEED_WITH_CAUTION,MEDIUM,True,1.46,moderate,0.2857142857142857,"human_present,multimodal_confirmation,caution_zone,good_visibility,indoor_environment"
016052,CRITICAL,STOP,HIGH,True,0.485,moderate,0.36363636363636365,"human_present,multimodal_confirmation,critical_proximity,good_visibility,indoor_environment"
016062,MEDIUM,PROCEED_WITH_CAUTION,MEDIUM,True,1.485,moderate,0.5384615384615384,"human_present,multimodal_confirmation,caution_zone,good_visibility,indoor_environment"
016072,MEDIUM,PROCEED_WITH_CAUTION,MEDIUM,True,1.5,low,0.0,"human_present,multimodal_confirmation,caution_zone,static_environment,good_visibility,indoor_environment"
016082,MEDIUM,PROCEED_WITH_CAUTION,MEDIUM,True,1.46,low,0.0,"human_present,multimodal_confirmation,caution_zone,static_environment,good_visibility,indoor_environment"
016092,MEDIUM,PROCEED_WITH_CAUTION,MEDIUM,True,1.41,low,0.0,"human_present,multimodal_confirmation,caution_zone,static_environment,good_visibility,indoor_environment"
016102,MEDIUM,PROCEED_WITH_CAUTION,MEDIUM,True,0.93,low,0.0,"human_present,multimodal_confirmation,caution_zone,static_environment,good_visibility,indoor_environment"
016112,MEDIUM,PROCEED_WITH_CAUTION,MEDIUM,True,0.82,low,0.0,"human_present,multimodal_confirmation,caution_zone,static_environment,good_visibility,indoor_environment"
016122,CRITICAL,STOP,HIGH,True,0.3,high,0.8333333333333334,"human_present,multimodal_confirmation,critical_proximity,dynamic_environment,good_visibility,indoor_environment"
016132,HIGH,SLOW_DOWN,HIGH,True,1.75,high,0.9090909090909091,"human_present,multimodal_confirmation,caution_zone,dynamic_environment,good_visibility,indoor_environment"
016142,HIGH,SLOW_DOWN,HIGH,True,1.21,high,0.9166666666666666,"human_present,multimodal_confirmation,caution_zone,dynamic_environment,good_visibility,indoor_environment"
016152,CRITICAL,STOP,HIGH,True,0.64,high,0.8333333333333334,"human_present,multimodal_confirmation,critical_proximity,dynamic_environment,good_visibility,indoor_environment"
016162,CRITICAL,STOP,HIGH,True,0.19,high,0.8666666666666667,"human_present,multimodal_confirmation,critical_proximity,dynamic_environment,good_visibility,indoor_environment"
016172,CRITICAL,STOP,HIGH,True,0.46,high,0.8571428571428571,"human_present,multimodal_confirmation,critical_proximity,dynamic_environment,good_visibility,indoor_environment"
016182,HIGH,SLOW_DOWN,HIGH,True,1.305,high,0.9583333333333334,"human_present,multimodal_confirmation,caution_zone,dynamic_environment,good_visibility,indoor_environment"
016192,HIGH,SLOW_DOWN,HIGH,True,1.485,high,0.9411764705882353,"human_present,multimodal_confirmation,caution_zone,dynamic_environment,good_visibility,indoor_environment"
016382,HIGH,SLOW_DOWN,HIGH,True,1.125,high,0.9,"human_present,multimodal_confirmation,caution_zone,dynamic_environment,good_visibility,indoor_environment"
016392,CRITICAL,STOP,HIGH,True,0.625,high,0.8666666666666667,"human_present,multimodal_confirmation,critical_proximity,dynamic_environment,good_visibility,indoor_environment"
016402,HIGH,SLOW_DOWN,HIGH,True,1.085,high,0.9166666666666666,"human_present,multimodal_confirmation,caution_zone,dynamic_environment,good_visibility,indoor_environment"
016412,LOW,CONTINUE,MEDIUM,False,,high,0.9166666666666666,"dynamic_environment,good_visibility,indoor_environment"
016422,LOW,CONTINUE,MEDIUM,False,,low,0.0,"static_environment,good_visibility,indoor_environment"
016432,LOW,CONTINUE,MEDIUM,False,,low,0.0,"static_environment,good_visibility,indoor_environment"
048995,HIGH,SLOW_DOWN,HIGH,True,1.833,high,0.8125,"human_present,multimodal_confirmation,caution_zone,dynamic_environment,low_visibility,reduced_visibility"
049005,MEDIUM,PROCEED_WITH_CAUTION,MEDIUM,True,5.885,moderate,0.6428571428571429,"human_present,multimodal_confirmation,safe_separation,low_visibility,reduced_visibility"
049015,MEDIUM,PROCEED_WITH_CAUTION,MEDIUM,True,5.269,high,0.8181818181818182,"human_present,multimodal_confirmation,safe_separation,dynamic_environment,low_visibility,reduced_visibility"
049025,MEDIUM,PROCEED_WITH_CAUTION,MEDIUM,True,2.953,high,0.8,"human_present,multimodal_confirmation,monitor_distance,dynamic_environment,low_visibility,reduced_visibility"
049035,CRITICAL,STOP,HIGH,True,0.341,high,0.8888888888888888,"human_present,multimodal_confirmation,critical_proximity,dynamic_environment,low_visibility,reduced_visibility"
049045,LOW,CONTINUE,MEDIUM,False,,high,0.8461538461538461,"dynamic_environment,low_visibility,reduced_visibility"
049055,LOW,CONTINUE,MEDIUM,False,,high,0.9090909090909091,"dynamic_environment,low_visibility,reduced_visibility"
049065,LOW,CONTINUE,MEDIUM,False,,high,0.8823529411764706,"dynamic_environment,low_visibility,reduced_visibility"
049075,LOW,CONTINUE,MEDIUM,False,,high,0.8125,"dynamic_environment,low_visibility,reduced_visibility"
049085,CRITICAL,STOP,HIGH,True,0.105,high,0.9444444444444444,"human_present,multimodal_confirmation,critical_proximity,dynamic_environment,low_visibility,indoor_environment"
049095,HIGH,SLOW_DOWN,HIGH,True,0.774,high,0.9545454545454546,"human_present,multimodal_confirmation,caution_zone,dynamic_environment,low_visibility,indoor_environment"
049105,CRITICAL,STOP,HIGH,True,0.502,high,0.8888888888888888,"human_present,multimodal_confirmation,critical_proximity,dynamic_environment,low_visibility,indoor_environment"
049115,LOW,CONTINUE,MEDIUM,False,,high,0.9230769230769231,"dynamic_environment,low_visibility,indoor_environment"
049125,LOW,CONTINUE,MEDIUM,False,,low,0.0,"static_environment,low_visibility,indoor_environment"
049135,LOW,CONTINUE,MEDIUM,False,,high,0.9,"dynamic_environment,low_visibility,indoor_environment"
049145,LOW,CONTINUE,MEDIUM,False,,high,0.9230769230769231,"dynamic_environment,low_visibility,indoor_environment"
049155,LOW,CONTINUE,MEDIUM,False,,high,0.875,"dynamic_environment,low_visibility,indoor_environment"
049165,LOW,CONTINUE,MEDIUM,False,,high,0.9230769230769231,"dynamic_environment,low_visibility,indoor_environment"
049175,LOW,CONTINUE,MEDIUM,False,,low,0.07142857142857142,"static_environment,low_visibility,indoor_environment"
049185,LOW,CONTINUE,MEDIUM,False,,low,0.0,"static_environment,low_visibility,indoor_environment"
049195,MEDIUM,PROCEED_WITH_CAUTION,MEDIUM,True,2.64,high,0.8823529411764706,"human_present,multimodal_confirmation,monitor_distance,dynamic_environment,low_visibility,indoor_environment"
049205,MEDIUM,PROCEED_WITH_CAUTION,MEDIUM,True,2.061,high,0.8333333333333334,"human_present,multimodal_confirmation,monitor_distance,dynamic_environment,low_visibility,indoor_environment"
049215,LOW,CONTINUE,MEDIUM,False,,high,0.9375,"dynamic_environment,low_visibility,indoor_environment"
049225,LOW,CONTINUE,MEDIUM,False,,high,0.875,"dynamic_environment,low_visibility,indoor_environment"
049235,LOW,CONTINUE,MEDIUM,False,,low,0.0,"static_environment,low_visibility,indoor_environment"
049245,HIGH,SLOW_DOWN,HIGH,True,1.215,high,0.8181818181818182,"human_present,multimodal_confirmation,caution_zone,dynamic_environment,low_visibility,indoor_environment"
049255,LOW,CONTINUE,MEDIUM,False,,low,0.0,"static_environment,low_visibility,indoor_environment"
049265,MEDIUM,PROCEED_WITH_CAUTION,MEDIUM,True,1.187,low,0.09090909090909091,"human_present,multimodal_confirmation,caution_zone,static_environment,low_visibility,indoor_environment"
049275,MEDIUM,PROCEED_WITH_CAUTION,MEDIUM,True,0.981,low,0.0,"human_present,multimodal_confirmation,caution_zone,static_environment,low_visibility,indoor_environment"
049285,MEDIUM,PROCEED_WITH_CAUTION,MEDIUM,True,0.936,low,0.125,"human_present,multimodal_confirmation,caution_zone,static_environment,low_visibility,indoor_environment"
049295,MEDIUM,PROCEED_WITH_CAUTION,MEDIUM,True,0.891,low,0.08333333333333333,"human_present,multimodal_confirmation,caution_zone,static_environment,low_visibility,indoor_environment"
049305,MEDIUM,PROCEED_WITH_CAUTION,MEDIUM,True,0.884,moderate,0.45454545454545453,"human_present,multimodal_confirmation,caution_zone,low_visibility,indoor_environment"
049315,CRITICAL,STOP,HIGH,True,0.278,low,0.0,"human_present,multimodal_confirmation,critical_proximity,static_environment,low_visibility,indoor_environment"
049325,CRITICAL,STOP,HIGH,True,0.397,low,0.0,"human_present,multimodal_confirmation,critical_proximity,static_environment,low_visibility,indoor_environment"
049335,CRITICAL,STOP,HIGH,True,0.394,low,0.1111111111111111,"human_present,multimodal_confirmation,critical_proximity,static_environment,low_visibility,indoor_environment"
049345,CRITICAL,STOP,HIGH,True,0.464,low,0.0,"human_present,multimodal_confirmation,critical_proximity,static_environment,low_visibility,indoor_environment"
049355,CRITICAL,STOP,HIGH,True,0.464,low,0.0,"human_present,multimodal_confirmation,critical_proximity,static_environment,low_visibility,indoor_environment"
049365,MEDIUM,PROCEED_WITH_CAUTION,MEDIUM,True,0.735,moderate,0.2857142857142857,"human_present,multimodal_confirmation,caution_zone,low_visibility,indoor_environment"
049375,MEDIUM,PROCEED_WITH_CAUTION,MEDIUM,True,0.92,low,0.08333333333333333,"human_present,multimodal_confirmation,caution_zone,static_environment,low_visibility,indoor_environment"
049385,HIGH,SLOW_DOWN,HIGH,True,0.73,high,0.9166666666666666,"human_present,multimodal_confirmation,caution_zone,dynamic_environment,low_visibility,indoor_environment"
049395,CRITICAL,STOP,HIGH,True,0.483,high,0.8666666666666667,"human_present,multimodal_confirmation,critical_proximity,dynamic_environment,low_visibility,indoor_environment"
049405,CRITICAL,STOP,HIGH,True,0.453,moderate,0.6666666666666666,"human_present,multimodal_confirmation,critical_proximity,low_visibility,indoor_environment"
049415,LOW,CONTINUE,MEDIUM,False,,high,0.7272727272727273,"dynamic_environment,low_visibility,indoor_environment"
049425,LOW,CONTINUE,MEDIUM,False,,low,0.0,"static_environment,low_visibility,indoor_environment"
049435,LOW,CONTINUE,MEDIUM,False,,low,0.0,"static_environment,low_visibility,indoor_environment"
049445,CRITICAL,STOP,HIGH,True,0.289,moderate,0.2727272727272727,"human_present,multimodal_confirmation,critical_proximity,low_visibility,indoor_environment"
049455,MEDIUM,PROCEED_WITH_CAUTION,MEDIUM,True,1.815,moderate,0.2,"human_present,multimodal_confirmation,caution_zone,low_visibility,indoor_environment"
049465,CRITICAL,STOP,HIGH,True,0.474,high,0.8823529411764706,"human_present,multimodal_confirmation,critical_proximity,dynamic_environment,low_visibility,indoor_environment"
049475,HIGH,SLOW_DOWN,HIGH,True,1.297,high,0.9444444444444444,"human_present,multimodal_confirmation,caution_zone,dynamic_environment,low_visibility,indoor_environment"
049485,MEDIUM,PROCEED_WITH_CAUTION,MEDIUM,True,1.81,moderate,0.45454545454545453,"human_present,multimodal_confirmation,caution_zone,low_visibility,indoor_environment"
049495,HIGH,SLOW_DOWN,HIGH,True,1.75,high,0.7777777777777778,"human_present,multimodal_confirmation,caution_zone,dynamic_environment,low_visibility,indoor_environment"
049505,MEDIUM,PROCEED_WITH_CAUTION,MEDIUM,True,1.596,low,0.0,"human_present,multimodal_confirmation,caution_zone,static_environment,low_visibility,indoor_environment"
049515,HIGH,SLOW_DOWN,HIGH,True,1.69,high,0.7692307692307693,"human_present,multimodal_confirmation,caution_zone,dynamic_environment,low_visibility,indoor_environment"
049525,CRITICAL,STOP,HIGH,True,0.334,moderate,0.5,"human_present,multimodal_confirmation,critical_proximity,low_visibility,indoor_environment"
049535,CRITICAL,STOP,HIGH,True,0.54,high,0.8333333333333334,"human_present,multimodal_confirmation,critical_proximity,dynamic_environment,low_visibility,indoor_environment"
049545,CRITICAL,STOP,HIGH,True,0.335,low,0.125,"human_present,multimodal_confirmation,critical_proximity,static_environment,low_visibility,indoor_environment"
049555,MEDIUM,PROCEED_WITH_CAUTION,MEDIUM,True,1.816,low,0.1,"human_present,multimodal_confirmation,caution_zone,static_environment,low_visibility,indoor_environment"
049565,MEDIUM,PROCEED_WITH_CAUTION,MEDIUM,True,1.973,moderate,0.25,"human_present,multimodal_confirmation,monitor_distance,low_visibility,indoor_environment"
049575,MEDIUM,PROCEED_WITH_CAUTION,MEDIUM,True,1.859,moderate,0.18181818181818182,"human_present,multimodal_confirmation,caution_zone,low_visibility,indoor_environment"
049585,MEDIUM,PROCEED_WITH_CAUTION,MEDIUM,True,0.702,moderate,0.3333333333333333,"human_present,multimodal_confirmation,caution_zone,low_visibility,indoor_environment"
049595,MEDIUM,PROCEED_WITH_CAUTION,MEDIUM,True,1.977,moderate,0.35294117647058826,"human_present,multimodal_confirmation,monitor_distance,low_visibility,indoor_environment"
049605,MEDIUM,PROCEED_WITH_CAUTION,MEDIUM,True,2.342,moderate,0.2222222222222222,"human_present,multimodal_confirmation,monitor_distance,low_visibility,indoor_environment"
049615,MEDIUM,PROCEED_WITH_CAUTION,MEDIUM,True,2.012,moderate,0.2222222222222222,"human_present,multimodal_confirmation,monitor_distance,low_visibility,indoor_environment"
049625,MEDIUM,PROCEED_WITH_CAUTION,MEDIUM,True,1.825,low,0.14285714285714285,"human_present,multimodal_confirmation,caution_zone,static_environment,low_visibility,indoor_environment"
049635,MEDIUM,PROCEED_WITH_CAUTION,MEDIUM,True,1.715,low,0.125,"human_present,multimodal_confirmation,caution_zone,static_environment,low_visibility,indoor_environment"
049645,HIGH,SLOW_DOWN,HIGH,True,1.508,high,0.7,"human_present,multimodal_confirmation,caution_zone,dynamic_environment,low_visibility,indoor_environment"
049655,MEDIUM,PROCEED_WITH_CAUTION,MEDIUM,True,1.388,moderate,0.6363636363636364,"human_present,multimodal_confirmation,caution_zone,low_visibility,indoor_environment"
049665,MEDIUM,PROCEED_WITH_CAUTION,MEDIUM,True,1.171,moderate,0.4444444444444444,"human_present,multimodal_confirmation,caution_zone,low_visibility,indoor_environment"
049675,HIGH,SLOW_DOWN,HIGH,True,1.406,high,0.75,"human_present,multimodal_confirmation,caution_zone,dynamic_environment,low_visibility,indoor_environment"
049685,MEDIUM,PROCEED_WITH_CAUTION,MEDIUM,True,1.355,moderate,0.6363636363636364,"human_present,multimodal_confirmation,caution_zone,low_visibility,indoor_environment"
049695,HIGH,SLOW_DOWN,HIGH,True,1.119,high,0.75,"human_present,multimodal_confirmation,caution_zone,dynamic_environment,low_visibility,indoor_environment"
049705,HIGH,SLOW_DOWN,HIGH,True,0.925,high,0.75,"human_present,multimodal_confirmation,caution_zone,dynamic_environment,low_visibility,indoor_environment"
049715,CRITICAL,STOP,HIGH,True,0.616,high,0.75,"human_present,multimodal_confirmation,critical_proximity,dynamic_environment,low_visibility,indoor_environment"
049725,CRITICAL,STOP,HIGH,True,0.267,moderate,0.2,"human_present,multimodal_confirmation,critical_proximity,low_visibility,indoor_environment"
049735,CRITICAL,STOP,HIGH,True,0.355,high,0.7333333333333333,"human_present,multimodal_confirmation,critical_proximity,dynamic_environment,low_visibility,indoor_environment"
049745,CRITICAL,STOP,HIGH,True,0.33,high,0.7857142857142857,"human_present,multimodal_confirmation,critical_proximity,dynamic_environment,low_visibility,indoor_environment"
049755,HIGH,SLOW_DOWN,HIGH,True,1.004,high,0.7222222222222222,"human_present,multimodal_confirmation,caution_zone,dynamic_environment,low_visibility,indoor_environment"
049765,HIGH,SLOW_DOWN,HIGH,True,0.752,high,0.9166666666666666,"human_present,multimodal_confirmation,caution_zone,dynamic_environment,low_visibility,indoor_environment"
049775,CRITICAL,STOP,HIGH,True,0.616,low,0.125,"human_present,multimodal_confirmation,critical_proximity,static_environment,low_visibility,indoor_environment"
049785,CRITICAL,STOP,HIGH,True,0.577,high,0.8333333333333334,"human_present,multimodal_confirmation,critical_proximity,dynamic_environment,low_visibility,indoor_environment"
049795,CRITICAL,STOP,HIGH,True,0.621,high,0.7777777777777778,"human_present,multimodal_confirmation,critical_proximity,dynamic_environment,low_visibility,indoor_environment"
049805,MEDIUM,PROCEED_WITH_CAUTION,MEDIUM,True,0.816,moderate,0.35294117647058826,"human_present,multimodal_confirmation,caution_zone,low_visibility,indoor_environment"
049815,MEDIUM,PROCEED_WITH_CAUTION,MEDIUM,True,1.036,low,0.0,"human_present,multimodal_confirmation,caution_zone,static_environment,low_visibility,indoor_environment"
049825,MEDIUM,PROCEED_WITH_CAUTION,MEDIUM,True,1.045,low,0.0,"human_present,multimodal_confirmation,caution_zone,static_environment,low_visibility,indoor_environment"
049835,MEDIUM,PROCEED_WITH_CAUTION,MEDIUM,True,0.973,moderate,0.5,"human_present,multimodal_confirmation,caution_zone,low_visibility,indoor_environment"
049845,MEDIUM,PROCEED_WITH_CAUTION,MEDIUM,True,1.045,moderate,0.5454545454545454,"human_present,multimodal_confirmation,caution_zone,low_visibility,indoor_environment"
049855,HIGH,SLOW_DOWN,HIGH,True,1.252,high,0.7272727272727273,"human_present,multimodal_confirmation,caution_zone,dynamic_environment,low_visibility,indoor_environment"
049865,MEDIUM,PROCEED_WITH_CAUTION,MEDIUM,True,1.482,moderate,0.625,"human_present,multimodal_confirmation,caution_zone,low_visibility,indoor_environment"
049875,HIGH,SLOW_DOWN,HIGH,True,1.812,high,0.7647058823529411,"human_present,multimodal_confirmation,caution_zone,dynamic_environment,low_visibility,indoor_environment"
049885,MEDIUM,PROCEED_WITH_CAUTION,MEDIUM,True,2.1,low,0.14285714285714285,"human_present,multimodal_confirmation,monitor_distance,static_environment,low_visibility,indoor_environment"
049895,MEDIUM,PROCEED_WITH_CAUTION,MEDIUM,True,1.911,moderate,0.25,"human_present,multimodal_confirmation,caution_zone,low_visibility,indoor_environment"
049905,CRITICAL,STOP,HIGH,True,0.626,moderate,0.6153846153846154,"human_present,multimodal_confirmation,critical_proximity,low_visibility,indoor_environment"
049915,MEDIUM,PROCEED_WITH_CAUTION,MEDIUM,True,2.095,low,0.0,"human_present,multimodal_confirmation,monitor_distance,static_environment,low_visibility,indoor_environment"
049925,HIGH,SLOW_DOWN,HIGH,True,1.908,high,0.9166666666666666,"human_present,multimodal_confirmation,caution_zone,dynamic_environment,low_visibility,indoor_environment"
049935,MEDIUM,PROCEED_WITH_CAUTION,MEDIUM,True,1.388,low,0.0,"human_present,multimodal_confirmation,caution_zone,static_environment,low_visibility,indoor_environment"
049945,LOW,CONTINUE,MEDIUM,False,,moderate,0.38461538461538464,"low_visibility,indoor_environment"
049955,LOW,CONTINUE,MEDIUM,False,,high,0.9333333333333333,"dynamic_environment,low_visibility,indoor_environment"
049965,HIGH,SLOW_DOWN,HIGH,True,1.614,high,0.7272727272727273,"human_present,multimodal_confirmation,caution_zone,dynamic_environment,low_visibility,indoor_environment"
049975,HIGH,SLOW_DOWN,HIGH,True,1.65,high,0.8333333333333334,"human_present,multimodal_confirmation,caution_zone,dynamic_environment,low_visibility,indoor_environment"
049985,HIGH,SLOW_DOWN,HIGH,True,1.024,high,0.8823529411764706,"human_present,multimodal_confirmation,caution_zone,dynamic_environment,low_visibility,indoor_environment"
049995,HIGH,SLOW_DOWN,HIGH,True,1.114,high,0.8823529411764706,"human_present,multimodal_confirmation,caution_zone,dynamic_environment,low_visibility,indoor_environment"
050005,HIGH,SLOW_DOWN,HIGH,True,1.72,high,0.8823529411764706,"human_present,multimodal_confirmation,caution_zone,dynamic_environment,low_visibility,indoor_environment"
050015,MEDIUM,PROCEED_WITH_CAUTION,MEDIUM,True,1.732,moderate,0.6,"human_present,multimodal_confirmation,caution_zone,low_visibility,indoor_environment"
050025,MEDIUM,PROCEED_WITH_CAUTION,MEDIUM,True,1.372,moderate,0.6666666666666666,"human_present,multimodal_confirmation,caution_zone,low_visibility,indoor_environment"
050035,MEDIUM,PROCEED_WITH_CAUTION,MEDIUM,True,1.301,moderate,0.2222222222222222,"human_present,multimodal_confirmation,caution_zone,low_visibility,indoor_environment"
050045,MEDIUM,PROCEED_WITH_CAUTION,MEDIUM,True,1.032,moderate,0.5714285714285714,"human_present,multimodal_confirmation,caution_zone,low_visibility,indoor_environment"
050055,HIGH,SLOW_DOWN,HIGH,True,0.788,high,0.8,"human_present,multimodal_confirmation,caution_zone,dynamic_environment,low_visibility,indoor_environment"
050065,CRITICAL,STOP,HIGH,True,0.631,low,0.0,"human_present,multimodal_confirmation,critical_proximity,static_environment,low_visibility,indoor_environment"
050075,HIGH,SLOW_DOWN,HIGH,True,0.991,high,0.9230769230769231,"human_present,multimodal_confirmation,caution_zone,dynamic_environment,low_visibility,indoor_environment"
050085,HIGH,SLOW_DOWN,HIGH,True,1.252,high,0.8571428571428571,"human_present,multimodal_confirmation,caution_zone,dynamic_environment,low_visibility,indoor_environment"
050095,MEDIUM,PROCEED_WITH_CAUTION,MEDIUM,True,2.231,moderate,0.625,"human_present,multimodal_confirmation,monitor_distance,low_visibility,indoor_environment"
050105,MEDIUM,PROCEED_WITH_CAUTION,MEDIUM,True,2.116,high,0.8181818181818182,"human_present,multimodal_confirmation,monitor_distance,dynamic_environment,low_visibility,indoor_environment"
050115,HIGH,SLOW_DOWN,HIGH,True,1.676,high,0.9333333333333333,"human_present,multimodal_confirmation,caution_zone,dynamic_environment,low_visibility,indoor_environment"
050125,CRITICAL,STOP,HIGH,True,0.279,high,0.9230769230769231,"human_present,multimodal_confirmation,critical_proximity,dynamic_environment,low_visibility,indoor_environment"
050135,CRITICAL,STOP,HIGH,True,0.479,high,0.9,"human_present,multimodal_confirmation,critical_proximity,dynamic_environment,low_visibility,indoor_environment"
050145,CRITICAL,STOP,HIGH,True,0.187,high,0.9090909090909091,"human_present,multimodal_confirmation,critical_proximity,dynamic_environment,low_visibility,indoor_environment"
050155,LOW,CONTINUE,MEDIUM,False,,high,0.9,"dynamic_environment,low_visibility,indoor_environment"
050165,LOW,CONTINUE,MEDIUM,False,,high,0.8888888888888888,"dynamic_environment,low_visibility,indoor_environment"
050175,LOW,CONTINUE,MEDIUM,False,,high,0.8888888888888888,"dynamic_environment,low_visibility,indoor_environment"
050185,LOW,CONTINUE,MEDIUM,False,,high,0.75,"dynamic_environment,low_visibility,indoor_environment"
050195,LOW,CONTINUE,MEDIUM,False,,moderate,0.16666666666666666,"low_visibility,indoor_environment"
050205,MEDIUM,PROCEED_WITH_CAUTION,MEDIUM,True,1.701,moderate,0.5714285714285714,"human_present,multimodal_confirmation,caution_zone,low_visibility,indoor_environment"
050215,MEDIUM,PROCEED_WITH_CAUTION,MEDIUM,True,2.802,low,0.125,"human_present,multimodal_confirmation,monitor_distance,static_environment,low_visibility,indoor_environment"
050225,MEDIUM,PROCEED_WITH_CAUTION,MEDIUM,True,3.002,low,0.1,"human_present,multimodal_confirmation,monitor_distance,static_environment,low_visibility,indoor_environment"
050235,MEDIUM,PROCEED_WITH_CAUTION,MEDIUM,True,2.927,low,0.0,"human_present,multimodal_confirmation,monitor_distance,static_environment,low_visibility,indoor_environment"
050245,MEDIUM,PROCEED_WITH_CAUTION,MEDIUM,True,2.716,high,0.875,"human_present,multimodal_confirmation,monitor_distance,dynamic_environment,low_visibility,indoor_environment"
050255,MEDIUM,PROCEED_WITH_CAUTION,MEDIUM,True,1.458,moderate,0.375,"human_present,multimodal_confirmation,caution_zone,low_visibility,indoor_environment"
050265,HIGH,SLOW_DOWN,HIGH,True,1.122,high,0.7142857142857143,"human_present,multimodal_confirmation,caution_zone,dynamic_environment,low_visibility,indoor_environment"
050275,MEDIUM,PROCEED_WITH_CAUTION,MEDIUM,True,0.833,moderate,0.2,"human_present,multimodal_confirmation,caution_zone,low_visibility,indoor_environment"
050285,MEDIUM,PROCEED_WITH_CAUTION,MEDIUM,True,0.969,moderate,0.6666666666666666,"human_present,multimodal_confirmation,caution_zone,low_visibility,indoor_environment"
050295,HIGH,SLOW_DOWN,HIGH,True,1.325,high,0.8888888888888888,"human_present,multimodal_confirmation,caution_zone,dynamic_environment,low_visibility,indoor_environment"
050305,CRITICAL,STOP,HIGH,True,0.574,high,0.9166666666666666,"human_present,multimodal_confirmation,critical_proximity,dynamic_environment,low_visibility,indoor_environment"
050315,CRITICAL,STOP,HIGH,True,0.473,low,0.0,"human_present,multimodal_confirmation,critical_proximity,static_environment,low_visibility,indoor_environment"
050325,CRITICAL,STOP,HIGH,True,0.075,moderate,0.38461538461538464,"human_present,multimodal_confirmation,critical_proximity,low_visibility,indoor_environment"
050335,LOW,CONTINUE,MEDIUM,False,,low,0.0,"static_environment,low_visibility,indoor_environment"
050345,LOW,CONTINUE,MEDIUM,False,,moderate,0.6,"low_visibility,indoor_environment"
050355,LOW,CONTINUE,MEDIUM,False,,low,0.0,"static_environment,low_visibility,indoor_environment"
050365,LOW,CONTINUE,MEDIUM,False,,high,0.7777777777777778,"dynamic_environment,low_visibility,indoor_environment"
050375,LOW,CONTINUE,MEDIUM,False,,high,0.9230769230769231,"dynamic_environment,low_visibility,indoor_environment"
050385,HIGH,SLOW_DOWN,HIGH,True,1.475,high,0.8666666666666667,"human_present,multimodal_confirmation,caution_zone,dynamic_environment,low_visibility,indoor_environment"
050395,MEDIUM,PROCEED_WITH_CAUTION,MEDIUM,True,1.902,moderate,0.3076923076923077,"human_present,multimodal_confirmation,caution_zone,low_visibility,indoor_environment"
050405,MEDIUM,PROCEED_WITH_CAUTION,MEDIUM,True,1.951,low,0.0,"human_present,multimodal_confirmation,monitor_distance,static_environment,low_visibility,indoor_environment"
050415,MEDIUM,PROCEED_WITH_CAUTION,MEDIUM,True,1.733,moderate,0.6111111111111112,"human_present,multimodal_confirmation,caution_zone,low_visibility,indoor_environment"
050425,HIGH,SLOW_DOWN,HIGH,True,1.41,high,0.9090909090909091,"human_present,multimodal_confirmation,caution_zone,dynamic_environment,low_visibility,indoor_environment"
050435,HIGH,SLOW_DOWN,HIGH,True,1.051,high,0.8888888888888888,"human_present,multimodal_confirmation,caution_zone,dynamic_environment,low_visibility,indoor_environment"
050445,MEDIUM,PROCEED_WITH_CAUTION,MEDIUM,True,0.867,low,0.0,"human_present,multimodal_confirmation,caution_zone,static_environment,low_visibility,indoor_environment"
050455,HIGH,SLOW_DOWN,HIGH,True,1.073,high,0.9166666666666666,"human_present,multimodal_confirmation,caution_zone,dynamic_environment,low_visibility,indoor_environment"
050465,HIGH,SLOW_DOWN,HIGH,True,1.233,high,0.9375,"human_present,multimodal_confirmation,caution_zone,dynamic_environment,low_visibility,indoor_environment"
050475,MEDIUM,PROCEED_WITH_CAUTION,MEDIUM,True,0.741,moderate,0.21428571428571427,"human_present,multimodal_confirmation,caution_zone,low_visibility,indoor_environment"
050485,CRITICAL,STOP,HIGH,True,0.653,low,0.0,"human_present,multimodal_confirmation,critical_proximity,static_environment,low_visibility,indoor_environment"
050495,CRITICAL,STOP,HIGH,True,0.635,moderate,0.46153846153846156,"human_present,multimodal_confirmation,critical_proximity,low_visibility,indoor_environment"
050505,CRITICAL,STOP,HIGH,True,0.666,low,0.0,"human_present,multimodal_confirmation,critical_proximity,static_environment,low_visibility,indoor_environment"
050515,HIGH,SLOW_DOWN,HIGH,True,0.859,high,0.8,"human_present,multimodal_confirmation,caution_zone,dynamic_environment,low_visibility,indoor_environment"
050525,HIGH,SLOW_DOWN,HIGH,True,1.092,high,0.9333333333333333,"human_present,multimodal_confirmation,caution_zone,dynamic_environment,low_visibility,indoor_environment"
050535,MEDIUM,PROCEED_WITH_CAUTION,MEDIUM,True,1.132,low,0.0,"human_present,multimodal_confirmation,caution_zone,static_environment,low_visibility,indoor_environment"
050545,MEDIUM,PROCEED_WITH_CAUTION,MEDIUM,True,0.873,moderate,0.5,"human_present,multimodal_confirmation,caution_zone,low_visibility,indoor_environment"
050555,CRITICAL,STOP,HIGH,True,0.472,moderate,0.5333333333333333,"human_present,multimodal_confirmation,critical_proximity,low_visibility,indoor_environment"
050565,MEDIUM,PROCEED_WITH_CAUTION,MEDIUM,True,0.948,moderate,0.5555555555555556,"human_present,multimodal_confirmation,caution_zone,low_visibility,indoor_environment"
050575,CRITICAL,STOP,HIGH,True,0.668,high,0.8461538461538461,"human_present,multimodal_confirmation,critical_proximity,dynamic_environment,low_visibility,indoor_environment"
050585,CRITICAL,STOP,HIGH,True,0.136,low,0.0,"human_present,multimodal_confirmation,critical_proximity,static_environment,low_visibility,indoor_environment"
050595,CRITICAL,STOP,HIGH,True,0.492,high,0.9,"human_present,multimodal_confirmation,critical_proximity,dynamic_environment,low_visibility,indoor_environment"
050605,MEDIUM,PROCEED_WITH_CAUTION,MEDIUM,True,0.804,low,0.0,"human_present,multimodal_confirmation,caution_zone,static_environment,low_visibility,indoor_environment"
050615,HIGH,SLOW_DOWN,HIGH,True,0.765,high,0.8,"human_present,multimodal_confirmation,caution_zone,dynamic_environment,low_visibility,indoor_environment"
050625,MEDIUM,PROCEED_WITH_CAUTION,MEDIUM,True,1.094,low,0.0,"human_present,multimodal_confirmation,caution_zone,static_environment,low_visibility,indoor_environment"
050635,MEDIUM,PROCEED_WITH_CAUTION,MEDIUM,True,0.997,low,0.1,"human_present,multimodal_confirmation,caution_zone,static_environment,low_visibility,indoor_environment"
050645,MEDIUM,PROCEED_WITH_CAUTION,MEDIUM,True,0.896,low,0.1,"human_present,multimodal_confirmation,caution_zone,static_environment,low_visibility,indoor_environment"
050655,CRITICAL,STOP,HIGH,True,0.045,moderate,0.18181818181818182,"human_present,multimodal_confirmation,critical_proximity,low_visibility,indoor_environment"
050665,CRITICAL,STOP,HIGH,True,0.433,high,0.7777777777777778,"human_present,multimodal_confirmation,critical_proximity,dynamic_environment,low_visibility,indoor_environment"
050675,HIGH,SLOW_DOWN,HIGH,True,0.776,high,0.8888888888888888,"human_present,multimodal_confirmation,caution_zone,dynamic_environment,low_visibility,indoor_environment"
050685,HIGH,SLOW_DOWN,HIGH,True,0.701,high,0.9090909090909091,"human_present,multimodal_confirmation,caution_zone,dynamic_environment,low_visibility,indoor_environment"
050695,CRITICAL,STOP,HIGH,True,0.276,high,0.9230769230769231,"human_present,multimodal_confirmation,critical_proximity,dynamic_environment,low_visibility,indoor_environment"
050705,LOW,CONTINUE,MEDIUM,False,,high,0.8181818181818182,"dynamic_environment,low_visibility,indoor_environment"
050715,LOW,CONTINUE,MEDIUM,False,,high,0.8888888888888888,"dynamic_environment,low_visibility,indoor_environment"
050725,LOW,CONTINUE,MEDIUM,False,,high,0.875,"dynamic_environment,low_visibility,indoor_environment"
050735,MEDIUM,PROCEED_WITH_CAUTION,MEDIUM,True,3.337,high,0.8,"human_present,multimodal_confirmation,safe_separation,dynamic_environment,low_visibility,indoor_environment"
050745,MEDIUM,PROCEED_WITH_CAUTION,MEDIUM,True,2.06,high,0.9,"human_present,multimodal_confirmation,monitor_distance,dynamic_environment,low_visibility,indoor_environment"
050755,HIGH,SLOW_DOWN,HIGH,True,1.935,high,0.8888888888888888,"human_present,multimodal_confirmation,caution_zone,dynamic_environment,low_visibility,indoor_environment"
050765,MEDIUM,PROCEED_WITH_CAUTION,MEDIUM,True,2.659,moderate,0.6,"human_present,multimodal_confirmation,monitor_distance,low_visibility,indoor_environment"
050775,MEDIUM,PROCEED_WITH_CAUTION,MEDIUM,True,3.718,high,0.8,"human_present,multimodal_confirmation,safe_separation,dynamic_environment,low_visibility,indoor_environment"
050785,MEDIUM,PROCEED_WITH_CAUTION,MEDIUM,True,4.945,high,0.8,"human_present,multimodal_confirmation,safe_separation,dynamic_environment,low_visibility,indoor_environment"
050795,MEDIUM,PROCEED_WITH_CAUTION,MEDIUM,True,5.722,moderate,0.2,"human_present,multimodal_confirmation,safe_separation,low_visibility,indoor_environment"
050805,MEDIUM,PROCEED_WITH_CAUTION,MEDIUM,True,4.979,moderate,0.5,"human_present,multimodal_confirmation,safe_separation,low_visibility,indoor_environment"
050815,MEDIUM,PROCEED_WITH_CAUTION,MEDIUM,True,3.829,high,0.7142857142857143,"human_present,multimodal_confirmation,safe_separation,dynamic_environment,low_visibility,indoor_environment"
050825,MEDIUM,PROCEED_WITH_CAUTION,MEDIUM,True,3.495,high,0.8571428571428571,"human_present,multimodal_confirmation,safe_separation,dynamic_environment,low_visibility,indoor_environment"
050835,MEDIUM,PROCEED_WITH_CAUTION,MEDIUM,True,3.7,high,0.8888888888888888,"human_present,multimodal_confirmation,safe_separation,dynamic_environment,low_visibility,indoor_environment"
050845,MEDIUM,PROCEED_WITH_CAUTION,MEDIUM,True,4.045,high,0.8888888888888888,"human_present,multimodal_confirmation,safe_separation,dynamic_environment,low_visibility,indoor_environment"
050855,MEDIUM,PROCEED_WITH_CAUTION,MEDIUM,True,3.376,high,0.7777777777777778,"human_present,multimodal_confirmation,safe_separation,dynamic_environment,low_visibility,indoor_environment"
050865,MEDIUM,PROCEED_WITH_CAUTION,MEDIUM,True,3.215,moderate,0.6666666666666666,"human_present,multimodal_confirmation,safe_separation,low_visibility,indoor_environment"
050875,MEDIUM,PROCEED_WITH_CAUTION,MEDIUM,True,3.414,high,0.8461538461538461,"human_present,multimodal_confirmation,safe_separation,dynamic_environment,low_visibility,indoor_environment"
050885,MEDIUM,PROCEED_WITH_CAUTION,MEDIUM,True,3.827,high,0.7777777777777778,"human_present,multimodal_confirmation,safe_separation,dynamic_environment,low_visibility,indoor_environment"
050895,LOW,CONTINUE,MEDIUM,False,,moderate,0.25,"low_visibility,indoor_environment"
050905,MEDIUM,PROCEED_WITH_CAUTION,MEDIUM,True,2.189,high,0.7272727272727273,"human_present,multimodal_confirmation,monitor_distance,dynamic_environment,low_visibility,indoor_environment"
050915,MEDIUM,PROCEED_WITH_CAUTION,MEDIUM,True,3.029,high,0.9230769230769231,"human_present,multimodal_confirmation,monitor_distance,dynamic_environment,low_visibility,indoor_environment"
050925,MEDIUM,PROCEED_WITH_CAUTION,MEDIUM,True,3.41,high,0.8666666666666667,"human_present,multimodal_confirmation,safe_separation,dynamic_environment,low_visibility,indoor_environment"
050935,MEDIUM,PROCEED_WITH_CAUTION,MEDIUM,True,3.311,low,0.0,"human_present,multimodal_confirmation,safe_separation,static_environment,low_visibility,indoor_environment"
050945,MEDIUM,PROCEED_WITH_CAUTION,MEDIUM,True,2.915,low,0.1111111111111111,"human_present,multimodal_confirmation,monitor_distance,static_environment,low_visibility,indoor_environment"
050955,LOW,CONTINUE,MEDIUM,False,,moderate,0.38461538461538464,"low_visibility,indoor_environment"
050965,LOW,CONTINUE,MEDIUM,False,,low,0.0,"static_environment,low_visibility,indoor_environment"
050975,MEDIUM,PROCEED_WITH_CAUTION,MEDIUM,True,2.279,moderate,0.25,"human_present,multimodal_confirmation,monitor_distance,low_visibility,indoor_environment"
050985,MEDIUM,PROCEED_WITH_CAUTION,MEDIUM,True,4.061,low,0.0,"human_present,multimodal_confirmation,safe_separation,static_environment,low_visibility,indoor_environment"
050995,LOW,CONTINUE,MEDIUM,False,,high,0.8571428571428571,"dynamic_environment,low_visibility,indoor_environment"
051005,LOW,CONTINUE,MEDIUM,False,,high,0.8,"dynamic_environment,low_visibility,indoor_environment"
051015,MEDIUM,PROCEED_WITH_CAUTION,MEDIUM,True,4.729,moderate,0.4444444444444444,"human_present,multimodal_confirmation,safe_separation,low_visibility,indoor_environment"
051025,LOW,CONTINUE,MEDIUM,False,,high,0.8888888888888888,"dynamic_environment,low_visibility,indoor_environment"
051035,MEDIUM,PROCEED_WITH_CAUTION,MEDIUM,True,3.05,high,0.8888888888888888,"human_present,multimodal_confirmation,monitor_distance,dynamic_environment,low_visibility,indoor_environment"
051045,LOW,CONTINUE,MEDIUM,False,,high,0.8,"dynamic_environment,low_visibility,indoor_environment"
051055,MEDIUM,PROCEED_WITH_CAUTION,MEDIUM,True,1.959,high,0.8,"human_present,multimodal_confirmation,monitor_distance,dynamic_environment,low_visibility,indoor_environment"
051065,LOW,CONTINUE,MEDIUM,False,,high,0.9230769230769231,"dynamic_environment,low_visibility,indoor_environment"
051075,HIGH,SLOW_DOWN,HIGH,True,1.732,high,0.8571428571428571,"human_present,multimodal_confirmation,caution_zone,dynamic_environment,low_visibility,indoor_environment"
051085,HIGH,SLOW_DOWN,HIGH,True,1.77,high,0.9,"human_present,multimodal_confirmation,caution_zone,dynamic_environment,low_visibility,indoor_environment"
051095,MEDIUM,PROCEED_WITH_CAUTION,MEDIUM,True,1.727,moderate,0.5,"human_present,multimodal_confirmation,caution_zone,low_visibility,indoor_environment"
051105,MEDIUM,PROCEED_WITH_CAUTION,MEDIUM,True,1.667,low,0.0,"human_present,multimodal_confirmation,caution_zone,static_environment,low_visibility,indoor_environment"
051115,HIGH,SLOW_DOWN,HIGH,True,1.447,high,0.75,"human_present,multimodal_confirmation,caution_zone,dynamic_environment,low_visibility,indoor_environment"
051125,MEDIUM,PROCEED_WITH_CAUTION,MEDIUM,True,1.206,moderate,0.5555555555555556,"human_present,multimodal_confirmation,caution_zone,low_visibility,indoor_environment"
051135,HIGH,SLOW_DOWN,HIGH,True,0.876,high,0.8333333333333334,"human_present,multimodal_confirmation,caution_zone,dynamic_environment,low_visibility,indoor_environment"
051145,HIGH,SLOW_DOWN,HIGH,True,1.096,high,0.8181818181818182,"human_present,multimodal_confirmation,caution_zone,dynamic_environment,low_visibility,indoor_environment"
051155,HIGH,SLOW_DOWN,HIGH,True,1.638,high,0.7777777777777778,"human_present,multimodal_confirmation,caution_zone,dynamic_environment,low_visibility,indoor_environment"
051165,MEDIUM,PROCEED_WITH_CAUTION,MEDIUM,True,1.863,low,0.125,"human_present,multimodal_confirmation,caution_zone,static_environment,low_visibility,indoor_environment"
051175,MEDIUM,PROCEED_WITH_CAUTION,MEDIUM,True,1.453,moderate,0.4666666666666667,"human_present,multimodal_confirmation,caution_zone,low_visibility,indoor_environment"
051185,HIGH,SLOW_DOWN,HIGH,True,1.633,high,0.9333333333333333,"human_present,multimodal_confirmation,caution_zone,dynamic_environment,low_visibility,indoor_environment"
051195,HIGH,SLOW_DOWN,HIGH,True,1.353,high,0.8571428571428571,"human_present,multimodal_confirmation,caution_zone,dynamic_environment,low_visibility,indoor_environment"
051205,CRITICAL,STOP,HIGH,True,0.47,moderate,0.3333333333333333,"human_present,multimodal_confirmation,critical_proximity,low_visibility,indoor_environment"
051215,LOW,CONTINUE,MEDIUM,False,,low,0.14285714285714285,"static_environment,low_visibility,indoor_environment"
051225,LOW,CONTINUE,MEDIUM,False,,high,0.875,"dynamic_environment,low_visibility,indoor_environment"
051235,HIGH,SLOW_DOWN,HIGH,True,1.282,high,0.9166666666666666,"human_present,multimodal_confirmation,caution_zone,dynamic_environment,low_visibility,indoor_environment"
051245,LOW,CONTINUE,MEDIUM,False,,high,0.9375,"dynamic_environment,low_visibility,indoor_environment"
051255,LOW,CONTINUE,MEDIUM,False,,high,0.8333333333333334,"dynamic_environment,low_visibility,indoor_environment"
051265,LOW,CONTINUE,MEDIUM,False,,high,0.9090909090909091,"dynamic_environment,low_visibility,indoor_environment"
051275,CRITICAL,STOP,HIGH,True,0.599,high,0.8421052631578947,"human_present,multimodal_confirmation,critical_proximity,dynamic_environment,low_visibility,indoor_environment"
051285,MEDIUM,PROCEED_WITH_CAUTION,MEDIUM,True,1.486,moderate,0.25,"human_present,multimodal_confirmation,caution_zone,low_visibility,indoor_environment"
051295,MEDIUM,PROCEED_WITH_CAUTION,MEDIUM,True,2.941,high,0.9230769230769231,"human_present,multimodal_confirmation,monitor_distance,dynamic_environment,low_visibility,indoor_environment"
051305,MEDIUM,PROCEED_WITH_CAUTION,MEDIUM,True,2.911,high,0.9090909090909091,"human_present,multimodal_confirmation,monitor_distance,dynamic_environment,low_visibility,indoor_environment"
051315,MEDIUM,PROCEED_WITH_CAUTION,MEDIUM,True,3.156,high,0.8333333333333334,"human_present,multimodal_confirmation,monitor_distance,dynamic_environment,low_visibility,indoor_environment"
051325,MEDIUM,PROCEED_WITH_CAUTION,MEDIUM,True,3.106,moderate,0.3333333333333333,"human_present,multimodal_confirmation,monitor_distance,low_visibility,indoor_environment"
051335,MEDIUM,PROCEED_WITH_CAUTION,MEDIUM,True,2.624,high,0.8571428571428571,"human_present,multimodal_confirmation,monitor_distance,dynamic_environment,low_visibility,indoor_environment"
051345,HIGH,SLOW_DOWN,HIGH,True,1.355,high,0.9,"human_present,multimodal_confirmation,caution_zone,dynamic_environment,low_visibility,indoor_environment"
051355,CRITICAL,STOP,HIGH,True,0.03,moderate,0.36363636363636365,"human_present,multimodal_confirmation,critical_proximity,low_visibility,indoor_environment"
051365,LOW,CONTINUE,MEDIUM,False,,low,0.0,"static_environment,low_visibility,indoor_environment"
051375,LOW,CONTINUE,MEDIUM,False,,low,0.0,"static_environment,low_visibility,indoor_environment"
051385,LOW,CONTINUE,MEDIUM,False,,low,0.0,"static_environment,low_visibility,indoor_environment"
051395,LOW,CONTINUE,MEDIUM,False,,high,0.875,"dynamic_environment,low_visibility,indoor_environment"
051405,LOW,CONTINUE,MEDIUM,False,,high,0.8,"dynamic_environment,low_visibility,indoor_environment"
051415,LOW,CONTINUE,MEDIUM,False,,high,0.8,"dynamic_environment,low_visibility,indoor_environment"
051425,MEDIUM,PROCEED_WITH_CAUTION,MEDIUM,True,2.734,moderate,0.5714285714285714,"human_present,multimodal_confirmation,monitor_distance,low_visibility,indoor_environment"
051435,MEDIUM,PROCEED_WITH_CAUTION,MEDIUM,True,2.735,moderate,0.2222222222222222,"human_present,multimodal_confirmation,monitor_distance,low_visibility,indoor_environment"
051445,MEDIUM,PROCEED_WITH_CAUTION,MEDIUM,True,2.944,moderate,0.36363636363636365,"human_present,multimodal_confirmation,monitor_distance,low_visibility,indoor_environment"
051455,MEDIUM,PROCEED_WITH_CAUTION,MEDIUM,True,2.993,low,0.0,"human_present,multimodal_confirmation,monitor_distance,static_environment,low_visibility,indoor_environment"
051465,MEDIUM,PROCEED_WITH_CAUTION,MEDIUM,True,3.001,low,0.0,"human_present,multimodal_confirmation,monitor_distance,static_environment,low_visibility,indoor_environment"
051475,MEDIUM,PROCEED_WITH_CAUTION,MEDIUM,True,2.969,low,0.0,"human_present,multimodal_confirmation,monitor_distance,static_environment,low_visibility,indoor_environment"
051485,MEDIUM,PROCEED_WITH_CAUTION,MEDIUM,True,2.804,low,0.0,"human_present,multimodal_confirmation,monitor_distance,static_environment,low_visibility,indoor_environment"
051495,MEDIUM,PROCEED_WITH_CAUTION,MEDIUM,True,2.719,moderate,0.2857142857142857,"human_present,multimodal_confirmation,monitor_distance,low_visibility,indoor_environment"
051505,MEDIUM,PROCEED_WITH_CAUTION,MEDIUM,True,0.991,low,0.0,"human_present,multimodal_confirmation,caution_zone,static_environment,low_visibility,indoor_environment"
051515,MEDIUM,PROCEED_WITH_CAUTION,MEDIUM,True,0.722,low,0.0,"human_present,multimodal_confirmation,caution_zone,static_environment,low_visibility,indoor_environment"
051525,MEDIUM,PROCEED_WITH_CAUTION,MEDIUM,True,0.741,low,0.0,"human_present,multimodal_confirmation,caution_zone,static_environment,low_visibility,indoor_environment"
051535,CRITICAL,STOP,HIGH,True,0.608,low,0.0,"human_present,multimodal_confirmation,critical_proximity,static_environment,low_visibility,indoor_environment"
051545,MEDIUM,PROCEED_WITH_CAUTION,MEDIUM,True,2.407,low,0.0,"human_present,multimodal_confirmation,monitor_distance,static_environment,low_visibility,indoor_environment"
051555,MEDIUM,PROCEED_WITH_CAUTION,MEDIUM,True,2.256,low,0.0,"human_present,multimodal_confirmation,monitor_distance,static_environment,low_visibility,indoor_environment"
051565,MEDIUM,PROCEED_WITH_CAUTION,MEDIUM,True,2.24,low,0.0,"human_present,multimodal_confirmation,monitor_distance,static_environment,low_visibility,indoor_environment"
051575,MEDIUM,PROCEED_WITH_CAUTION,MEDIUM,True,2.122,low,0.0,"human_present,multimodal_confirmation,monitor_distance,static_environment,low_visibility,indoor_environment"
051585,MEDIUM,PROCEED_WITH_CAUTION,MEDIUM,True,2.074,low,0.0,"human_present,multimodal_confirmation,monitor_distance,static_environment,low_visibility,indoor_environment"
051595,MEDIUM,PROCEED_WITH_CAUTION,MEDIUM,True,1.963,low,0.0,"human_present,multimodal_confirmation,monitor_distance,static_environment,low_visibility,indoor_environment"
051605,MEDIUM,PROCEED_WITH_CAUTION,MEDIUM,True,1.963,low,0.0,"human_present,multimodal_confirmation,monitor_distance,static_environment,low_visibility,indoor_environment"
051615,MEDIUM,PROCEED_WITH_CAUTION,MEDIUM,True,1.942,low,0.0,"human_present,multimodal_confirmation,caution_zone,static_environment,low_visibility,indoor_environment"
051625,MEDIUM,PROCEED_WITH_CAUTION,MEDIUM,True,1.831,low,0.0,"human_present,multimodal_confirmation,caution_zone,static_environment,low_visibility,indoor_environment"
051635,MEDIUM,PROCEED_WITH_CAUTION,MEDIUM,True,1.771,low,0.0,"human_present,multimodal_confirmation,caution_zone,static_environment,low_visibility,indoor_environment"
051645,MEDIUM,PROCEED_WITH_CAUTION,MEDIUM,True,1.758,low,0.0,"human_present,multimodal_confirmation,caution_zone,static_environment,low_visibility,indoor_environment"
051655,MEDIUM,PROCEED_WITH_CAUTION,MEDIUM,True,1.708,low,0.0,"human_present,multimodal_confirmation,caution_zone,static_environment,low_visibility,indoor_environment"
051665,MEDIUM,PROCEED_WITH_CAUTION,MEDIUM,True,1.643,low,0.0,"human_present,multimodal_confirmation,caution_zone,static_environment,low_visibility,indoor_environment"
051675,MEDIUM,PROCEED_WITH_CAUTION,MEDIUM,True,1.537,low,0.0,"human_present,multimodal_confirmation,caution_zone,static_environment,low_visibility,indoor_environment"
051685,MEDIUM,PROCEED_WITH_CAUTION,MEDIUM,True,1.522,low,0.0,"human_present,multimodal_confirmation,caution_zone,static_environment,low_visibility,indoor_environment"
051695,MEDIUM,PROCEED_WITH_CAUTION,MEDIUM,True,1.557,low,0.0,"human_present,multimodal_confirmation,caution_zone,static_environment,low_visibility,indoor_environment"
051705,MEDIUM,PROCEED_WITH_CAUTION,MEDIUM,True,1.408,low,0.0,"human_present,multimodal_confirmation,caution_zone,static_environment,low_visibility,indoor_environment"
051715,MEDIUM,PROCEED_WITH_CAUTION,MEDIUM,True,1.427,low,0.0,"human_present,multimodal_confirmation,caution_zone,static_environment,low_visibility,indoor_environment"
051725,MEDIUM,PROCEED_WITH_CAUTION,MEDIUM,True,1.368,low,0.0,"human_present,multimodal_confirmation,caution_zone,static_environment,low_visibility,indoor_environment"
051735,MEDIUM,PROCEED_WITH_CAUTION,MEDIUM,True,1.246,low,0.0,"human_present,multimodal_confirmation,caution_zone,static_environment,low_visibility,indoor_environment"
051745,MEDIUM,PROCEED_WITH_CAUTION,MEDIUM,True,1.161,low,0.07142857142857142,"human_present,multimodal_confirmation,caution_zone,static_environment,low_visibility,indoor_environment"
051755,MEDIUM,PROCEED_WITH_CAUTION,MEDIUM,True,1.121,low,0.0,"human_present,multimodal_confirmation,caution_zone,static_environment,low_visibility,indoor_environment"
051765,CRITICAL,STOP,HIGH,True,0.34,low,0.0,"human_present,multimodal_confirmation,critical_proximity,static_environment,low_visibility,indoor_environment"
051775,MEDIUM,PROCEED_WITH_CAUTION,MEDIUM,True,1.355,moderate,0.23076923076923078,"human_present,multimodal_confirmation,caution_zone,low_visibility,indoor_environment"
051785,MEDIUM,PROCEED_WITH_CAUTION,MEDIUM,True,1.692,low,0.0,"human_present,multimodal_confirmation,caution_zone,static_environment,low_visibility,indoor_environment"
051795,MEDIUM,PROCEED_WITH_CAUTION,MEDIUM,True,1.294,low,0.0,"human_present,multimodal_confirmation,caution_zone,static_environment,low_visibility,indoor_environment"
051805,MEDIUM,PROCEED_WITH_CAUTION,MEDIUM,True,1.809,low,0.0,"human_present,multimodal_confirmation,caution_zone,static_environment,low_visibility,indoor_environment"
051815,MEDIUM,PROCEED_WITH_CAUTION,MEDIUM,True,1.75,low,0.0,"human_present,multimodal_confirmation,caution_zone,static_environment,low_visibility,indoor_environment"
051825,MEDIUM,PROCEED_WITH_CAUTION,MEDIUM,True,1.775,low,0.0,"human_present,multimodal_confirmation,caution_zone,static_environment,low_visibility,indoor_environment"
051835,MEDIUM,PROCEED_WITH_CAUTION,MEDIUM,True,1.811,low,0.0,"human_present,multimodal_confirmation,caution_zone,static_environment,low_visibility,indoor_environment"
051845,MEDIUM,PROCEED_WITH_CAUTION,MEDIUM,True,1.761,low,0.07692307692307693,"human_present,multimodal_confirmation,caution_zone,static_environment,low_visibility,indoor_environment"
051855,MEDIUM,PROCEED_WITH_CAUTION,MEDIUM,True,2.291,low,0.08333333333333333,"human_present,multimodal_confirmation,monitor_distance,static_environment,low_visibility,indoor_environment"
051865,MEDIUM,PROCEED_WITH_CAUTION,MEDIUM,True,2.556,low,0.0,"human_present,multimodal_confirmation,monitor_distance,static_environment,low_visibility,indoor_environment"
051875,MEDIUM,PROCEED_WITH_CAUTION,MEDIUM,True,2.487,low,0.0,"human_present,multimodal_confirmation,monitor_distance,static_environment,low_visibility,indoor_environment"
051885,MEDIUM,PROCEED_WITH_CAUTION,MEDIUM,True,1.937,low,0.0,"human_present,multimodal_confirmation,caution_zone,static_environment,low_visibility,indoor_environment"
051895,MEDIUM,PROCEED_WITH_CAUTION,MEDIUM,True,1.132,moderate,0.3333333333333333,"human_present,multimodal_confirmation,caution_zone,low_visibility,indoor_environment"
051905,MEDIUM,PROCEED_WITH_CAUTION,MEDIUM,True,1.016,low,0.0,"human_present,multimodal_confirmation,caution_zone,static_environment,low_visibility,indoor_environment"
051915,MEDIUM,PROCEED_WITH_CAUTION,MEDIUM,True,0.836,moderate,0.16666666666666666,"human_present,multimodal_confirmation,caution_zone,low_visibility,indoor_environment"
051925,CRITICAL,STOP,HIGH,True,0.661,low,0.0,"human_present,multimodal_confirmation,critical_proximity,static_environment,low_visibility,indoor_environment"
051935,CRITICAL,STOP,HIGH,True,0.675,low,0.09090909090909091,"human_present,multimodal_confirmation,critical_proximity,static_environment,low_visibility,indoor_environment"
051945,HIGH,SLOW_DOWN,HIGH,True,0.775,high,0.9090909090909091,"human_present,multimodal_confirmation,caution_zone,dynamic_environment,low_visibility,indoor_environment"
051955,MEDIUM,PROCEED_WITH_CAUTION,MEDIUM,True,1.049,low,0.0,"human_present,multimodal_confirmation,caution_zone,static_environment,low_visibility,indoor_environment"
051965,MEDIUM,PROCEED_WITH_CAUTION,MEDIUM,True,1.107,low,0.1,"human_present,multimodal_confirmation,caution_zone,static_environment,low_visibility,indoor_environment"
051975,CRITICAL,STOP,HIGH,True,0.374,moderate,0.5294117647058824,"human_present,multimodal_confirmation,critical_proximity,low_visibility,indoor_environment"
051985,CRITICAL,STOP,HIGH,True,0.438,low,0.0,"human_present,multimodal_confirmation,critical_proximity,static_environment,low_visibility,indoor_environment"
051995,LOW,CONTINUE,MEDIUM,False,,low,0.0,"static_environment,low_visibility,indoor_environment"
052005,CRITICAL,STOP,HIGH,True,0.283,moderate,0.2222222222222222,"human_present,multimodal_confirmation,critical_proximity,low_visibility,indoor_environment"
052015,CRITICAL,STOP,HIGH,True,0.304,low,0.0,"human_present,multimodal_confirmation,critical_proximity,static_environment,low_visibility,indoor_environment"
052025,CRITICAL,STOP,HIGH,True,0.401,low,0.0,"human_present,multimodal_confirmation,critical_proximity,static_environment,low_visibility,indoor_environment"
052035,CRITICAL,STOP,HIGH,True,0.385,high,0.8571428571428571,"human_present,multimodal_confirmation,critical_proximity,dynamic_environment,low_visibility,indoor_environment"
052045,CRITICAL,STOP,HIGH,True,0.235,low,0.0,"human_present,multimodal_confirmation,critical_proximity,static_environment,low_visibility,indoor_environment"
052055,CRITICAL,STOP,HIGH,True,0.398,high,0.7,"human_present,multimodal_confirmation,critical_proximity,dynamic_environment,low_visibility,indoor_environment"
052065,CRITICAL,STOP,HIGH,True,0.405,low,0.0,"human_present,multimodal_confirmation,critical_proximity,static_environment,low_visibility,indoor_environment"
052075,CRITICAL,STOP,HIGH,True,0.391,low,0.14285714285714285,"human_present,multimodal_confirmation,critical_proximity,static_environment,low_visibility,indoor_environment"
052085,CRITICAL,STOP,HIGH,True,0.373,low,0.0,"human_present,multimodal_confirmation,critical_proximity,static_environment,low_visibility,indoor_environment"
052095,CRITICAL,STOP,HIGH,True,0.313,moderate,0.5,"human_present,multimodal_confirmation,critical_proximity,low_visibility,indoor_environment"
052105,CRITICAL,STOP,HIGH,True,0.294,moderate,0.2,"human_present,multimodal_confirmation,critical_proximity,low_visibility,indoor_environment"
052115,CRITICAL,STOP,HIGH,True,0.329,low,0.0,"human_present,multimodal_confirmation,critical_proximity,static_environment,low_visibility,indoor_environment"
052125,CRITICAL,STOP,HIGH,True,0.363,moderate,0.6666666666666666,"human_present,multimodal_confirmation,critical_proximity,low_visibility,indoor_environment"
052135,CRITICAL,STOP,HIGH,True,0.65,low,0.0,"human_present,multimodal_confirmation,critical_proximity,static_environment,low_visibility,indoor_environment"
052145,CRITICAL,STOP,HIGH,True,0.599,moderate,0.2,"human_present,multimodal_confirmation,critical_proximity,low_visibility,indoor_environment"
052155,CRITICAL,STOP,HIGH,True,0.436,moderate,0.5384615384615384,"human_present,multimodal_confirmation,critical_proximity,low_visibility,reduced_visibility"
052165,CRITICAL,STOP,HIGH,True,0.41,moderate,0.18181818181818182,"human_present,multimodal_confirmation,critical_proximity,low_visibility,reduced_visibility"
052175,CRITICAL,STOP,HIGH,True,0.274,moderate,0.18181818181818182,"human_present,multimodal_confirmation,critical_proximity,low_visibility,reduced_visibility"
052185,CRITICAL,STOP,HIGH,True,0.219,moderate,0.2,"human_present,multimodal_confirmation,critical_proximity,low_visibility,reduced_visibility"
052195,CRITICAL,STOP,HIGH,True,0.654,high,0.8888888888888888,"human_present,multimodal_confirmation,critical_proximity,dynamic_environment,low_visibility,reduced_visibility"
052205,MEDIUM,PROCEED_WITH_CAUTION,MEDIUM,True,1.157,low,0.0,"human_present,multimodal_confirmation,caution_zone,static_environment,low_visibility,reduced_visibility"
052215,MEDIUM,PROCEED_WITH_CAUTION,MEDIUM,True,1.18,low,0.0,"human_present,multimodal_confirmation,caution_zone,static_environment,low_visibility,reduced_visibility"
052225,MEDIUM,PROCEED_WITH_CAUTION,MEDIUM,True,1.155,low,0.0,"human_present,multimodal_confirmation,caution_zone,static_environment,low_visibility,reduced_visibility"
052235,MEDIUM,PROCEED_WITH_CAUTION,MEDIUM,True,1.199,low,0.1,"human_present,multimodal_confirmation,caution_zone,static_environment,low_visibility,reduced_visibility"
052245,MEDIUM,PROCEED_WITH_CAUTION,MEDIUM,True,1.181,low,0.0,"human_present,multimodal_confirmation,caution_zone,static_environment,low_visibility,reduced_visibility"
052255,HIGH,SLOW_DOWN,HIGH,True,1.3,high,0.9,"human_present,multimodal_confirmation,caution_zone,dynamic_environment,low_visibility,reduced_visibility"
052265,MEDIUM,PROCEED_WITH_CAUTION,MEDIUM,True,1.75,moderate,0.6363636363636364,"human_present,multimodal_confirmation,caution_zone,low_visibility,reduced_visibility"
052275,MEDIUM,PROCEED_WITH_CAUTION,MEDIUM,True,2.238,high,0.8333333333333334,"human_present,multimodal_confirmation,monitor_distance,dynamic_environment,low_visibility,reduced_visibility"
052285,MEDIUM,PROCEED_WITH_CAUTION,MEDIUM,True,2.256,high,0.8571428571428571,"human_present,multimodal_confirmation,monitor_distance,dynamic_environment,low_visibility,reduced_visibility"
052295,MEDIUM,PROCEED_WITH_CAUTION,MEDIUM,True,2.296,low,0.0,"human_present,multimodal_confirmation,monitor_distance,static_environment,low_visibility,reduced_visibility"
052305,MEDIUM,PROCEED_WITH_CAUTION,MEDIUM,True,2.186,low,0.0,"human_present,multimodal_confirmation,monitor_distance,static_environment,low_visibility,reduced_visibility"
052315,MEDIUM,PROCEED_WITH_CAUTION,MEDIUM,True,2.141,moderate,0.5,"human_present,multimodal_confirmation,monitor_distance,low_visibility,reduced_visibility"
052325,MEDIUM,PROCEED_WITH_CAUTION,MEDIUM,True,2.011,moderate,0.3333333333333333,"human_present,multimodal_confirmation,monitor_distance,low_visibility,reduced_visibility"
052335,MEDIUM,PROCEED_WITH_CAUTION,MEDIUM,True,1.885,moderate,0.5,"human_present,multimodal_confirmation,caution_zone,low_visibility,reduced_visibility"
052345,MEDIUM,PROCEED_WITH_CAUTION,MEDIUM,True,1.635,moderate,0.3333333333333333,"human_present,multimodal_confirmation,caution_zone,low_visibility,reduced_visibility"
052355,MEDIUM,PROCEED_WITH_CAUTION,MEDIUM,True,1.134,moderate,0.6,"human_present,multimodal_confirmation,caution_zone,low_visibility,reduced_visibility"
052365,CRITICAL,STOP,HIGH,True,0.668,moderate,0.5454545454545454,"human_present,multimodal_confirmation,critical_proximity,low_visibility,reduced_visibility"
052375,CRITICAL,STOP,HIGH,True,0.507,moderate,0.5555555555555556,"human_present,multimodal_confirmation,critical_proximity,low_visibility,reduced_visibility"
052385,CRITICAL,STOP,HIGH,True,0.563,moderate,0.6153846153846154,"human_present,multimodal_confirmation,critical_proximity,low_visibility,reduced_visibility"
052395,CRITICAL,STOP,HIGH,True,0.561,low,0.0,"human_present,multimodal_confirmation,critical_proximity,static_environment,low_visibility,reduced_visibility"
052405,CRITICAL,STOP,HIGH,True,0.607,moderate,0.3333333333333333,"human_present,multimodal_confirmation,critical_proximity,low_visibility,reduced_visibility"
052415,MEDIUM,PROCEED_WITH_CAUTION,MEDIUM,True,0.825,moderate,0.5,"human_present,multimodal_confirmation,caution_zone,low_visibility,reduced_visibility"
052425,MEDIUM,PROCEED_WITH_CAUTION,MEDIUM,True,0.968,low,0.0,"human_present,multimodal_confirmation,caution_zone,static_environment,low_visibility,reduced_visibility"
052435,MEDIUM,PROCEED_WITH_CAUTION,MEDIUM,True,1.018,low,0.0,"human_present,multimodal_confirmation,caution_zone,static_environment,low_visibility,reduced_visibility"
052445,MEDIUM,PROCEED_WITH_CAUTION,MEDIUM,True,0.909,moderate,0.375,"human_present,multimodal_confirmation,caution_zone,low_visibility,reduced_visibility"
052455,MEDIUM,PROCEED_WITH_CAUTION,MEDIUM,True,0.772,moderate,0.625,"human_present,multimodal_confirmation,caution_zone,low_visibility,reduced_visibility"
052465,CRITICAL,STOP,HIGH,True,0.667,low,0.0,"human_present,multimodal_confirmation,critical_proximity,static_environment,low_visibility,reduced_visibility"
052475,CRITICAL,STOP,HIGH,True,0.667,low,0.14285714285714285,"human_present,multimodal_confirmation,critical_proximity,static_environment,low_visibility,reduced_visibility"
052485,MEDIUM,PROCEED_WITH_CAUTION,MEDIUM,True,0.825,low,0.0,"human_present,multimodal_confirmation,caution_zone,static_environment,low_visibility,reduced_visibility"
052495,MEDIUM,PROCEED_WITH_CAUTION,MEDIUM,True,0.738,moderate,0.42857142857142855,"human_present,multimodal_confirmation,caution_zone,low_visibility,reduced_visibility"
052505,CRITICAL,STOP,HIGH,True,0.418,low,0.1,"human_present,multimodal_confirmation,critical_proximity,static_environment,low_visibility,reduced_visibility"
052515,CRITICAL,STOP,HIGH,True,0.388,low,0.0,"human_present,multimodal_confirmation,critical_proximity,static_environment,low_visibility,reduced_visibility"
052525,MEDIUM,PROCEED_WITH_CAUTION,MEDIUM,True,0.827,moderate,0.46153846153846156,"human_present,multimodal_confirmation,caution_zone,low_visibility,reduced_visibility"
052535,MEDIUM,PROCEED_WITH_CAUTION,MEDIUM,True,0.861,moderate,0.6875,"human_present,multimodal_confirmation,caution_zone,low_visibility,reduced_visibility"
052545,CRITICAL,STOP,HIGH,True,0.571,moderate,0.6,"human_present,multimodal_confirmation,critical_proximity,low_visibility,reduced_visibility"
052555,MEDIUM,PROCEED_WITH_CAUTION,MEDIUM,True,2.28,high,0.7,"human_present,multimodal_confirmation,monitor_distance,dynamic_environment,low_visibility,reduced_visibility"
052565,MEDIUM,PROCEED_WITH_CAUTION,MEDIUM,True,1.307,moderate,0.6666666666666666,"human_present,multimodal_confirmation,caution_zone,low_visibility,reduced_visibility"
052575,LOW,CONTINUE,MEDIUM,False,,high,0.75,"dynamic_environment,low_visibility,reduced_visibility"
052585,HIGH,SLOW_DOWN,HIGH,True,0.737,high,0.8,"human_present,multimodal_confirmation,caution_zone,dynamic_environment,low_visibility,reduced_visibility"
052595,HIGH,SLOW_DOWN,HIGH,True,0.849,high,0.8461538461538461,"human_present,multimodal_confirmation,caution_zone,dynamic_environment,low_visibility,reduced_visibility"
052605,HIGH,SLOW_DOWN,HIGH,True,0.752,high,0.8,"human_present,multimodal_confirmation,caution_zone,dynamic_environment,low_visibility,reduced_visibility"
052615,MEDIUM,PROCEED_WITH_CAUTION,MEDIUM,True,1.173,moderate,0.6666666666666666,"human_present,multimodal_confirmation,caution_zone,low_visibility,reduced_visibility"
052625,MEDIUM,PROCEED_WITH_CAUTION,MEDIUM,True,0.772,moderate,0.3076923076923077,"human_present,multimodal_confirmation,caution_zone,low_visibility,reduced_visibility"
052635,MEDIUM,PROCEED_WITH_CAUTION,MEDIUM,True,0.855,low,0.14285714285714285,"human_present,multimodal_confirmation,caution_zone,static_environment,low_visibility,reduced_visibility"
052645,CRITICAL,STOP,HIGH,True,0.674,high,0.9333333333333333,"human_present,multimodal_confirmation,critical_proximity,dynamic_environment,low_visibility,reduced_visibility"
052655,CRITICAL,STOP,HIGH,True,0.532,high,0.8571428571428571,"human_present,multimodal_confirmation,critical_proximity,dynamic_environment,low_visibility,reduced_visibility"
052665,LOW,CONTINUE,MEDIUM,False,,high,0.875,"dynamic_environment,low_visibility,reduced_visibility"
052675,CRITICAL,STOP,HIGH,True,0.688,high,0.7857142857142857,"human_present,multimodal_confirmation,critical_proximity,dynamic_environment,low_visibility,reduced_visibility"
052685,CRITICAL,STOP,HIGH,True,0.691,high,0.7692307692307693,"human_present,multimodal_confirmation,critical_proximity,dynamic_environment,low_visibility,reduced_visibility"
052695,MEDIUM,PROCEED_WITH_CAUTION,MEDIUM,True,2.259,high,0.7,"human_present,multimodal_confirmation,monitor_distance,dynamic_environment,low_visibility,reduced_visibility"
052705,MEDIUM,PROCEED_WITH_CAUTION,MEDIUM,True,2.374,high,0.9,"human_present,multimodal_confirmation,monitor_distance,dynamic_environment,low_visibility,reduced_visibility"
052715,MEDIUM,PROCEED_WITH_CAUTION,MEDIUM,True,2.89,high,0.75,"human_present,multimodal_confirmation,monitor_distance,dynamic_environment,low_visibility,reduced_visibility"
052725,MEDIUM,PROCEED_WITH_CAUTION,MEDIUM,True,2.984,low,0.0,"human_present,multimodal_confirmation,monitor_distance,static_environment,low_visibility,reduced_visibility"
052735,MEDIUM,PROCEED_WITH_CAUTION,MEDIUM,True,2.986,low,0.0,"human_present,multimodal_confirmation,monitor_distance,static_environment,low_visibility,reduced_visibility"
052745,MEDIUM,PROCEED_WITH_CAUTION,MEDIUM,True,2.99,low,0.0,"human_present,multimodal_confirmation,monitor_distance,static_environment,low_visibility,reduced_visibility"
052755,LOW,CONTINUE,MEDIUM,False,,moderate,0.16666666666666666,"low_visibility,reduced_visibility"
052765,LOW,CONTINUE,MEDIUM,False,,low,0.0,"static_environment,low_visibility,reduced_visibility"
052775,MEDIUM,PROCEED_WITH_CAUTION,MEDIUM,True,0.874,moderate,0.4666666666666667,"human_present,multimodal_confirmation,caution_zone,low_visibility,reduced_visibility"
052785,HIGH,SLOW_DOWN,HIGH,True,0.836,high,0.7692307692307693,"human_present,multimodal_confirmation,caution_zone,dynamic_environment,low_visibility,reduced_visibility"
052795,CRITICAL,STOP,HIGH,True,0.674,moderate,0.4666666666666667,"human_present,multimodal_confirmation,critical_proximity,low_visibility,reduced_visibility"
052805,MEDIUM,PROCEED_WITH_CAUTION,MEDIUM,True,1.247,low,0.0,"human_present,multimodal_confirmation,caution_zone,static_environment,low_visibility,reduced_visibility"
052815,LOW,CONTINUE,MEDIUM,False,,low,0.1,"static_environment,low_visibility,reduced_visibility"
052825,LOW,CONTINUE,MEDIUM,False,,high,0.7142857142857143,"dynamic_environment,low_visibility,reduced_visibility"
052835,LOW,CONTINUE,MEDIUM,False,,low,0.0,"static_environment,low_visibility,reduced_visibility"
052845,LOW,CONTINUE,MEDIUM,False,,high,0.7857142857142857,"dynamic_environment,low_visibility,reduced_visibility"
052855,LOW,CONTINUE,MEDIUM,False,,moderate,0.6428571428571429,"low_visibility,reduced_visibility"
052865,LOW,CONTINUE,MEDIUM,False,,high,0.75,"dynamic_environment,low_visibility,reduced_visibility"
052875,MEDIUM,PROCEED_WITH_CAUTION,MEDIUM,True,8.0,high,0.7777777777777778,"human_present,multimodal_confirmation,safe_separation,dynamic_environment,low_visibility,reduced_visibility"
052885,MEDIUM,PROCEED_WITH_CAUTION,MEDIUM,True,7.5,high,0.7,"human_present,multimodal_confirmation,safe_separation,dynamic_environment,low_visibility,reduced_visibility"
052895,MEDIUM,PROCEED_WITH_CAUTION,MEDIUM,True,7.0,high,0.875,"human_present,multimodal_confirmation,safe_separation,dynamic_environment,low_visibility,reduced_visibility"
052905,MEDIUM,PROCEED_WITH_CAUTION,MEDIUM,True,6.5,high,0.9047619047619048,"human_present,multimodal_confirmation,safe_separation,dynamic_environment,low_visibility,reduced_visibility"
052915,MEDIUM,PROCEED_WITH_CAUTION,MEDIUM,True,6.3,high,0.875,"human_present,multimodal_confirmation,safe_separation,dynamic_environment,low_visibility,reduced_visibility"
052925,MEDIUM,PROCEED_WITH_CAUTION,MEDIUM,True,5.25,moderate,0.6923076923076923,"human_present,multimodal_confirmation,safe_separation,low_visibility,reduced_visibility"
052935,MEDIUM,PROCEED_WITH_CAUTION,MEDIUM,True,4.539,high,0.8333333333333334,"human_present,multimodal_confirmation,safe_separation,dynamic_environment,low_visibility,reduced_visibility"
052945,MEDIUM,PROCEED_WITH_CAUTION,MEDIUM,True,4.203,high,0.9166666666666666,"human_present,multimodal_confirmation,safe_separation,dynamic_environment,low_visibility,reduced_visibility"
052955,MEDIUM,PROCEED_WITH_CAUTION,MEDIUM,True,3.574,high,0.9285714285714286,"human_present,multimodal_confirmation,safe_separation,dynamic_environment,low_visibility,reduced_visibility"
052965,MEDIUM,PROCEED_WITH_CAUTION,MEDIUM,True,3.014,high,0.9230769230769231,"human_present,multimodal_confirmation,monitor_distance,dynamic_environment,low_visibility,reduced_visibility"
052975,MEDIUM,PROCEED_WITH_CAUTION,MEDIUM,True,2.444,high,0.7692307692307693,"human_present,multimodal_confirmation,monitor_distance,dynamic_environment,low_visibility,reduced_visibility"
052985,MEDIUM,PROCEED_WITH_CAUTION,MEDIUM,True,1.667,moderate,0.625,"human_present,multimodal_confirmation,caution_zone,low_visibility,reduced_visibility"
052995,HIGH,SLOW_DOWN,HIGH,True,0.777,high,0.875,"human_present,multimodal_confirmation,caution_zone,dynamic_environment,low_visibility,reduced_visibility"
053005,LOW,CONTINUE,MEDIUM,False,,moderate,0.6923076923076923,"low_visibility,reduced_visibility"
053015,LOW,CONTINUE,MEDIUM,False,,high,0.7647058823529411,"dynamic_environment,low_visibility,reduced_visibility"
053025,MEDIUM,PROCEED_WITH_CAUTION,MEDIUM,True,2.217,high,0.8,"human_present,multimodal_confirmation,monitor_distance,dynamic_environment,low_visibility,reduced_visibility"
053035,MEDIUM,PROCEED_WITH_CAUTION,MEDIUM,True,3.984,low,0.09090909090909091,"human_present,multimodal_confirmation,safe_separation,static_environment,low_visibility,reduced_visibility"
053045,MEDIUM,PROCEED_WITH_CAUTION,MEDIUM,True,4.628,high,0.7272727272727273,"human_present,multimodal_confirmation,safe_separation,dynamic_environment,low_visibility,reduced_visibility"
053055,MEDIUM,PROCEED_WITH_CAUTION,MEDIUM,True,5.013,high,0.8181818181818182,"human_present,multimodal_confirmation,safe_separation,dynamic_environment,low_visibility,reduced_visibility"
053065,MEDIUM,PROCEED_WITH_CAUTION,MEDIUM,True,4.7,high,0.9166666666666666,"human_present,multimodal_confirmation,safe_separation,dynamic_environment,low_visibility,reduced_visibility"
053075,MEDIUM,PROCEED_WITH_CAUTION,MEDIUM,True,4.5,high,0.7692307692307693,"human_present,multimodal_confirmation,safe_separation,dynamic_environment,low_visibility,reduced_visibility"
053085,MEDIUM,PROCEED_WITH_CAUTION,MEDIUM,True,4.365,high,0.8421052631578947,"human_present,multimodal_confirmation,safe_separation,dynamic_environment,low_visibility,reduced_visibility"
053095,MEDIUM,PROCEED_WITH_CAUTION,MEDIUM,True,3.462,high,0.75,"human_present,multimodal_confirmation,safe_separation,dynamic_environment,low_visibility,reduced_visibility"
053105,MEDIUM,PROCEED_WITH_CAUTION,MEDIUM,True,2.445,high,0.8,"human_present,multimodal_confirmation,monitor_distance,dynamic_environment,low_visibility,reduced_visibility"
053115,MEDIUM,PROCEED_WITH_CAUTION,MEDIUM,True,1.569,moderate,0.6923076923076923,"human_present,multimodal_confirmation,caution_zone,low_visibility,reduced_visibility"
053125,LOW,CONTINUE,MEDIUM,False,,high,0.7333333333333333,"dynamic_environment,low_visibility,reduced_visibility"
053135,LOW,CONTINUE,MEDIUM,False,,high,0.75,"dynamic_environment,low_visibility,reduced_visibility"
